system:time_start,Qair_f_inst
1-Jan-08,0.003
2-Jan-08,0.003
3-Jan-08,0.001
4-Jan-08,0.001
5-Jan-08,0.002
6-Jan-08,0.003
7-Jan-08,0.004
8-Jan-08,0.005
9-Jan-08,0.006
10-Jan-08,0.004
11-Jan-08,0.004
12-Jan-08,0.004
13-Jan-08,0.003
14-Jan-08,0.003
15-Jan-08,0.002
16-Jan-08,0.002
17-Jan-08,0.002
18-Jan-08,0.004
19-Jan-08,0.002
20-Jan-08,0.002
21-Jan-08,0.001
22-Jan-08,0.002
23-Jan-08,0.003
24-Jan-08,0.002
25-Jan-08,0.001
26-Jan-08,0.002
27-Jan-08,0.002
28-Jan-08,0.002
29-Jan-08,0.003
30-Jan-08,0.004
31-Jan-08,0.002
1-Feb-08,0.002
2-Feb-08,0.004
3-Feb-08,0.003
4-Feb-08,0.003
5-Feb-08,0.004
6-Feb-08,0.004
7-Feb-08,0.003
8-Feb-08,0.002
9-Feb-08,0.002
10-Feb-08,0.004
11-Feb-08,0.002
12-Feb-08,0.001
13-Feb-08,0.003
14-Feb-08,0.003
15-Feb-08,0.003
16-Feb-08,0.002
17-Feb-08,0.002
18-Feb-08,0.005
19-Feb-08,0.004
20-Feb-08,0.002
21-Feb-08,0.001
22-Feb-08,0.002
23-Feb-08,0.002
24-Feb-08,0.002
25-Feb-08,0.003
26-Feb-08,0.003
27-Feb-08,0.004
28-Feb-08,0.002
29-Feb-08,0.001
1-Mar-08,0.003
2-Mar-08,0.003
3-Mar-08,0.002
4-Mar-08,0.005
5-Mar-08,0.004
6-Mar-08,0.003
7-Mar-08,0.003
8-Mar-08,0.004
9-Mar-08,0.003
10-Mar-08,0.002
11-Mar-08,0.002
12-Mar-08,0.003
13-Mar-08,0.002
14-Mar-08,0.003
15-Mar-08,0.004
16-Mar-08,0.004
17-Mar-08,0.003
18-Mar-08,0.002
19-Mar-08,0.003
20-Mar-08,0.004
21-Mar-08,0.003
22-Mar-08,0.002
23-Mar-08,0.002
24-Mar-08,0.002
25-Mar-08,0.002
26-Mar-08,0.004
27-Mar-08,0.003
28-Mar-08,0.004
29-Mar-08,0.003
30-Mar-08,0.003
31-Mar-08,0.003
1-Apr-08,0.006
2-Apr-08,0.004
3-Apr-08,0.003
4-Apr-08,0.004
5-Apr-08,0.005
6-Apr-08,0.005
7-Apr-08,0.004
8-Apr-08,0.003
9-Apr-08,0.004
10-Apr-08,0.005
11-Apr-08,0.005
12-Apr-08,0.006
13-Apr-08,0.005
14-Apr-08,0.004
15-Apr-08,0.004
16-Apr-08,0.004
17-Apr-08,0.005
18-Apr-08,0.006
19-Apr-08,0.006
20-Apr-08,0.005
21-Apr-08,0.005
22-Apr-08,0.006
23-Apr-08,0.007
24-Apr-08,0.007
25-Apr-08,0.005
26-Apr-08,0.005
27-Apr-08,0.005
28-Apr-08,0.005
29-Apr-08,0.007
30-Apr-08,0.004
1-May-08,0.003
2-May-08,0.004
3-May-08,0.005
4-May-08,0.005
5-May-08,0.006
6-May-08,0.006
7-May-08,0.006
8-May-08,0.008
9-May-08,0.006
10-May-08,0.006
11-May-08,0.006
12-May-08,0.005
13-May-08,0.005
14-May-08,0.005
15-May-08,0.006
16-May-08,0.007
17-May-08,0.007
18-May-08,0.007
19-May-08,0.006
20-May-08,0.005
21-May-08,0.007
22-May-08,0.006
23-May-08,0.007
24-May-08,0.007
25-May-08,0.006
26-May-08,0.007
27-May-08,0.011
28-May-08,0.005
29-May-08,0.006
30-May-08,0.006
31-May-08,0.008
1-Jun-08,0.01
2-Jun-08,0.009
3-Jun-08,0.009
4-Jun-08,0.009
5-Jun-08,0.009
6-Jun-08,0.008
7-Jun-08,0.009
8-Jun-08,0.012
9-Jun-08,0.014
10-Jun-08,0.012
11-Jun-08,0.011
12-Jun-08,0.009
13-Jun-08,0.007
14-Jun-08,0.008
15-Jun-08,0.008
16-Jun-08,0.009
17-Jun-08,0.011
18-Jun-08,0.009
19-Jun-08,0.01
20-Jun-08,0.01
21-Jun-08,0.01
22-Jun-08,0.01
23-Jun-08,0.012
24-Jun-08,0.012
25-Jun-08,0.01
26-Jun-08,0.011
27-Jun-08,0.013
28-Jun-08,0.01
29-Jun-08,0.011
30-Jun-08,0.013
1-Jul-08,0.012
2-Jul-08,0.012
3-Jul-08,0.011
4-Jul-08,0.01
5-Jul-08,0.01
6-Jul-08,0.011
7-Jul-08,0.013
8-Jul-08,0.014
9-Jul-08,0.015
10-Jul-08,0.013
11-Jul-08,0.01
12-Jul-08,0.01
13-Jul-08,0.011
14-Jul-08,0.012
15-Jul-08,0.011
16-Jul-08,0.011
17-Jul-08,0.012
18-Jul-08,0.012
19-Jul-08,0.013
20-Jul-08,0.013
21-Jul-08,0.013
22-Jul-08,0.012
23-Jul-08,0.011
24-Jul-08,0.013
25-Jul-08,0.013
26-Jul-08,0.011
27-Jul-08,0.013
28-Jul-08,0.012
29-Jul-08,0.013
30-Jul-08,0.012
31-Jul-08,0.013
1-Aug-08,0.013
2-Aug-08,0.013
3-Aug-08,0.013
4-Aug-08,0.012
5-Aug-08,0.011
6-Aug-08,0.011
7-Aug-08,0.011
8-Aug-08,0.011
9-Aug-08,0.011
10-Aug-08,0.011
11-Aug-08,0.011
12-Aug-08,0.01
13-Aug-08,0.011
14-Aug-08,0.011
15-Aug-08,0.011
16-Aug-08,0.012
17-Aug-08,0.011
18-Aug-08,0.012
19-Aug-08,0.012
20-Aug-08,0.007
21-Aug-08,0.009
22-Aug-08,0.011
23-Aug-08,0.012
24-Aug-08,0.011
25-Aug-08,0.011
26-Aug-08,0.008
27-Aug-08,0.008
28-Aug-08,0.01
29-Aug-08,0.011
30-Aug-08,0.012
31-Aug-08,0.011
1-Sep-08,0.008
2-Sep-08,0.009
3-Sep-08,0.01
4-Sep-08,0.012
5-Sep-08,0.012
6-Sep-08,0.013
7-Sep-08,0.013
8-Sep-08,0.009
9-Sep-08,0.011
10-Sep-08,0.009
11-Sep-08,0.007
12-Sep-08,0.009
13-Sep-08,0.011
14-Sep-08,0.011
15-Sep-08,0.013
16-Sep-08,0.01
17-Sep-08,0.008
18-Sep-08,0.008
19-Sep-08,0.005
20-Sep-08,0.006
21-Sep-08,0.008
22-Sep-08,0.007
23-Sep-08,0.006
24-Sep-08,0.007
25-Sep-08,0.008
26-Sep-08,0.008
27-Sep-08,0.011
28-Sep-08,0.011
29-Sep-08,0.011
30-Sep-08,0.009
1-Oct-08,0.01
2-Oct-08,0.009
3-Oct-08,0.006
4-Oct-08,0.006
5-Oct-08,0.006
6-Oct-08,0.006
7-Oct-08,0.005
8-Oct-08,0.006
9-Oct-08,0.008
10-Oct-08,0.007
11-Oct-08,0.006
12-Oct-08,0.006
13-Oct-08,0.007
14-Oct-08,0.008
15-Oct-08,0.007
16-Oct-08,0.008
17-Oct-08,0.006
18-Oct-08,0.004
19-Oct-08,0.004
20-Oct-08,0.004
21-Oct-08,0.004
22-Oct-08,0.005
23-Oct-08,0.003
24-Oct-08,0.004
25-Oct-08,0.006
26-Oct-08,0.009
27-Oct-08,0.007
28-Oct-08,0.007
29-Oct-08,0.004
30-Oct-08,0.003
31-Oct-08,0.003
1-Nov-08,0.005
2-Nov-08,0.003
3-Nov-08,0.003
4-Nov-08,0.006
5-Nov-08,0.007
6-Nov-08,0.008
7-Nov-08,0.009
8-Nov-08,0.008
9-Nov-08,0.008
10-Nov-08,0.005
11-Nov-08,0.003
12-Nov-08,0.003
13-Nov-08,0.004
14-Nov-08,0.007
15-Nov-08,0.008
16-Nov-08,0.009
17-Nov-08,0.004
18-Nov-08,0.003
19-Nov-08,0.002
20-Nov-08,0.001
21-Nov-08,0.001
22-Nov-08,0.001
23-Nov-08,0.001
24-Nov-08,0.002
25-Nov-08,0.005
26-Nov-08,0.005
27-Nov-08,0.004
28-Nov-08,0.004
29-Nov-08,0.004
30-Nov-08,0.003
1-Dec-08,0.005
2-Dec-08,0.004
3-Dec-08,0.003
4-Dec-08,0.004
5-Dec-08,0.003
6-Dec-08,0.002
7-Dec-08,0.003
8-Dec-08,0.001
9-Dec-08,0.002
10-Dec-08,0.007
11-Dec-08,0.004
12-Dec-08,0.004
13-Dec-08,0.002
14-Dec-08,0.002
15-Dec-08,0.005
16-Dec-08,0.005
17-Dec-08,0.002
18-Dec-08,0.002
19-Dec-08,0.002
20-Dec-08,0.001
21-Dec-08,0.002
22-Dec-08,0.002
23-Dec-08,0.001
24-Dec-08,0.003
25-Dec-08,0.004
26-Dec-08,0.002
27-Dec-08,0.004
28-Dec-08,0.006
29-Dec-08,0.004
30-Dec-08,0.003
31-Dec-08,0.002
1-Jan-09,0.001
2-Jan-09,0.001
3-Jan-09,0.002
4-Jan-09,0.002
5-Jan-09,0.003
6-Jan-09,0.002
7-Jan-09,0.003
8-Jan-09,0.003
9-Jan-09,0.002
10-Jan-09,0.001
11-Jan-09,0.002
12-Jan-09,0.002
13-Jan-09,0.002
14-Jan-09,0.003
15-Jan-09,0.001
16-Jan-09,0.001
17-Jan-09,0.001
18-Jan-09,0.002
19-Jan-09,0.002
20-Jan-09,0.002
21-Jan-09,0.002
22-Jan-09,0.002
23-Jan-09,0.003
24-Jan-09,0.003
25-Jan-09,0.001
26-Jan-09,0.001
27-Jan-09,0.001
28-Jan-09,0.002
29-Jan-09,0.003
30-Jan-09,0.002
31-Jan-09,0.002
1-Feb-09,0.002
2-Feb-09,0.003
3-Feb-09,0.003
4-Feb-09,0.002
5-Feb-09,0.001
6-Feb-09,0.001
7-Feb-09,0.002
8-Feb-09,0.004
9-Feb-09,0.002
10-Feb-09,0.002
11-Feb-09,0.004
12-Feb-09,0.005
13-Feb-09,0.003
14-Feb-09,0.002
15-Feb-09,0.002
16-Feb-09,0.002
17-Feb-09,0.002
18-Feb-09,0.002
19-Feb-09,0.004
20-Feb-09,0.003
21-Feb-09,0.002
22-Feb-09,0.003
23-Feb-09,0.003
24-Feb-09,0.002
25-Feb-09,0.002
26-Feb-09,0.003
27-Feb-09,0.004
28-Feb-09,0.004
1-Mar-09,0.002
2-Mar-09,0.002
3-Mar-09,0.002
4-Mar-09,0.001
5-Mar-09,0.002
6-Mar-09,0.004
7-Mar-09,0.005
8-Mar-09,0.005
9-Mar-09,0.003
10-Mar-09,0.003
11-Mar-09,0.004
12-Mar-09,0.003
13-Mar-09,0.002
14-Mar-09,0.003
15-Mar-09,0.003
16-Mar-09,0.003
17-Mar-09,0.003
18-Mar-09,0.004
19-Mar-09,0.005
20-Mar-09,0.003
21-Mar-09,0.002
22-Mar-09,0.003
23-Mar-09,0.002
24-Mar-09,0.002
25-Mar-09,0.003
26-Mar-09,0.003
27-Mar-09,0.005
28-Mar-09,0.004
29-Mar-09,0.004
30-Mar-09,0.005
31-Mar-09,0.004
1-Apr-09,0.004
2-Apr-09,0.005
3-Apr-09,0.005
4-Apr-09,0.006
5-Apr-09,0.004
6-Apr-09,0.004
7-Apr-09,0.006
8-Apr-09,0.003
9-Apr-09,0.004
10-Apr-09,0.004
11-Apr-09,0.005
12-Apr-09,0.003
13-Apr-09,0.003
14-Apr-09,0.003
15-Apr-09,0.004
16-Apr-09,0.003
17-Apr-09,0.004
18-Apr-09,0.005
19-Apr-09,0.004
20-Apr-09,0.004
21-Apr-09,0.005
22-Apr-09,0.007
23-Apr-09,0.006
24-Apr-09,0.005
25-Apr-09,0.007
26-Apr-09,0.009
27-Apr-09,0.006
28-Apr-09,0.008
29-Apr-09,0.004
30-Apr-09,0.004
1-May-09,0.007
2-May-09,0.008
3-May-09,0.005
4-May-09,0.007
5-May-09,0.006
6-May-09,0.006
7-May-09,0.007
8-May-09,0.008
9-May-09,0.009
10-May-09,0.008
11-May-09,0.005
12-May-09,0.006
13-May-09,0.006
14-May-09,0.006
15-May-09,0.009
16-May-09,0.007
17-May-09,0.008
18-May-09,0.004
19-May-09,0.005
20-May-09,0.007
21-May-09,0.009
22-May-09,0.009
23-May-09,0.006
24-May-09,0.008
25-May-09,0.008
26-May-09,0.004
27-May-09,0.006
28-May-09,0.006
29-May-09,0.007
30-May-09,0.009
31-May-09,0.007
1-Jun-09,0.006
2-Jun-09,0.008
3-Jun-09,0.007
4-Jun-09,0.008
5-Jun-09,0.008
6-Jun-09,0.008
7-Jun-09,0.008
8-Jun-09,0.008
9-Jun-09,0.007
10-Jun-09,0.008
11-Jun-09,0.008
12-Jun-09,0.009
13-Jun-09,0.01
14-Jun-09,0.009
15-Jun-09,0.009
16-Jun-09,0.008
17-Jun-09,0.008
18-Jun-09,0.008
19-Jun-09,0.01
20-Jun-09,0.011
21-Jun-09,0.011
22-Jun-09,0.01
23-Jun-09,0.01
24-Jun-09,0.011
25-Jun-09,0.012
26-Jun-09,0.012
27-Jun-09,0.012
28-Jun-09,0.01
29-Jun-09,0.01
30-Jun-09,0.01
1-Jul-09,0.01
2-Jul-09,0.009
3-Jul-09,0.01
4-Jul-09,0.011
5-Jul-09,0.01
6-Jul-09,0.01
7-Jul-09,0.009
8-Jul-09,0.009
9-Jul-09,0.009
10-Jul-09,0.009
11-Jul-09,0.01
12-Jul-09,0.011
13-Jul-09,0.01
14-Jul-09,0.009
15-Jul-09,0.009
16-Jul-09,0.01
17-Jul-09,0.012
18-Jul-09,0.012
19-Jul-09,0.012
20-Jul-09,0.011
21-Jul-09,0.011
22-Jul-09,0.011
23-Jul-09,0.011
24-Jul-09,0.01
25-Jul-09,0.011
26-Jul-09,0.012
27-Jul-09,0.014
28-Jul-09,0.013
29-Jul-09,0.014
30-Jul-09,0.015
31-Jul-09,0.013
1-Aug-09,0.013
2-Aug-09,0.012
3-Aug-09,0.013
4-Aug-09,0.012
5-Aug-09,0.014
6-Aug-09,0.011
7-Aug-09,0.011
8-Aug-09,0.009
9-Aug-09,0.01
10-Aug-09,0.013
11-Aug-09,0.015
12-Aug-09,0.012
13-Aug-09,0.011
14-Aug-09,0.011
15-Aug-09,0.013
16-Aug-09,0.014
17-Aug-09,0.015
18-Aug-09,0.015
19-Aug-09,0.014
20-Aug-09,0.012
21-Aug-09,0.015
22-Aug-09,0.016
23-Aug-09,0.015
24-Aug-09,0.014
25-Aug-09,0.013
26-Aug-09,0.013
27-Aug-09,0.008
28-Aug-09,0.007
29-Aug-09,0.009
30-Aug-09,0.009
31-Aug-09,0.01
1-Sep-09,0.008
2-Sep-09,0.009
3-Sep-09,0.01
4-Sep-09,0.011
5-Sep-09,0.011
6-Sep-09,0.007
7-Sep-09,0.007
8-Sep-09,0.01
9-Sep-09,0.009
10-Sep-09,0.007
11-Sep-09,0.007
12-Sep-09,0.01
13-Sep-09,0.011
14-Sep-09,0.009
15-Sep-09,0.009
16-Sep-09,0.007
17-Sep-09,0.007
18-Sep-09,0.008
19-Sep-09,0.006
20-Sep-09,0.006
21-Sep-09,0.007
22-Sep-09,0.008
23-Sep-09,0.012
24-Sep-09,0.011
25-Sep-09,0.006
26-Sep-09,0.005
27-Sep-09,0.008
28-Sep-09,0.011
29-Sep-09,0.009
30-Sep-09,0.008
1-Oct-09,0.005
2-Oct-09,0.005
3-Oct-09,0.008
4-Oct-09,0.01
5-Oct-09,0.008
6-Oct-09,0.007
7-Oct-09,0.008
8-Oct-09,0.006
9-Oct-09,0.006
10-Oct-09,0.008
11-Oct-09,0.005
12-Oct-09,0.004
13-Oct-09,0.005
14-Oct-09,0.004
15-Oct-09,0.003
16-Oct-09,0.003
17-Oct-09,0.003
18-Oct-09,0.004
19-Oct-09,0.004
20-Oct-09,0.004
21-Oct-09,0.006
22-Oct-09,0.006
23-Oct-09,0.004
24-Oct-09,0.006
25-Oct-09,0.008
26-Oct-09,0.005
27-Oct-09,0.005
28-Oct-09,0.006
29-Oct-09,0.005
30-Oct-09,0.005
31-Oct-09,0.008
1-Nov-09,0.007
2-Nov-09,0.004
3-Nov-09,0.005
4-Nov-09,0.004
5-Nov-09,0.004
6-Nov-09,0.004
7-Nov-09,0.003
8-Nov-09,0.005
9-Nov-09,0.005
10-Nov-09,0.007
11-Nov-09,0.004
12-Nov-09,0.004
13-Nov-09,0.004
14-Nov-09,0.005
15-Nov-09,0.008
16-Nov-09,0.006
17-Nov-09,0.004
18-Nov-09,0.004
19-Nov-09,0.004
20-Nov-09,0.007
21-Nov-09,0.006
22-Nov-09,0.005
23-Nov-09,0.004
24-Nov-09,0.005
25-Nov-09,0.006
26-Nov-09,0.006
27-Nov-09,0.005
28-Nov-09,0.005
29-Nov-09,0.004
30-Nov-09,0.005
1-Dec-09,0.003
2-Dec-09,0.004
3-Dec-09,0.007
4-Dec-09,0.006
5-Dec-09,0.004
6-Dec-09,0.003
7-Dec-09,0.003
8-Dec-09,0.003
9-Dec-09,0.003
10-Dec-09,0.004
11-Dec-09,0.002
12-Dec-09,0.002
13-Dec-09,0.002
14-Dec-09,0.004
15-Dec-09,0.004
16-Dec-09,0.003
17-Dec-09,0.001
18-Dec-09,0.001
19-Dec-09,0.001
20-Dec-09,0.002
21-Dec-09,0.002
22-Dec-09,0.002
23-Dec-09,0.002
24-Dec-09,0.003
25-Dec-09,0.003
26-Dec-09,0.003
27-Dec-09,0.005
28-Dec-09,0.004
29-Dec-09,0.002
30-Dec-09,0.001
31-Dec-09,0.002
1-Jan-10,0.003
2-Jan-10,0.003
3-Jan-10,0.003
4-Jan-10,0.003
5-Jan-10,0.003
6-Jan-10,0.002
7-Jan-10,0.002
8-Jan-10,0.002
9-Jan-10,0.002
10-Jan-10,0.001
11-Jan-10,0.002
12-Jan-10,0.002
13-Jan-10,0.001
14-Jan-10,0.002
15-Jan-10,0.003
16-Jan-10,0.003
17-Jan-10,0.003
18-Jan-10,0.003
19-Jan-10,0.003
20-Jan-10,0.003
21-Jan-10,0.003
22-Jan-10,0.002
23-Jan-10,0.002
24-Jan-10,0.002
25-Jan-10,0.005
26-Jan-10,0.005
27-Jan-10,0.003
28-Jan-10,0.003
29-Jan-10,0.001
30-Jan-10,0.001
31-Jan-10,0.001
1-Feb-10,0.002
2-Feb-10,0.002
3-Feb-10,0.002
4-Feb-10,0.002
5-Feb-10,0.002
6-Feb-10,0.001
7-Feb-10,0.001
8-Feb-10,0.002
9-Feb-10,0.002
10-Feb-10,0.003
11-Feb-10,0.003
12-Feb-10,0.002
13-Feb-10,0.002
14-Feb-10,0.002
15-Feb-10,0.002
16-Feb-10,0.003
17-Feb-10,0.003
18-Feb-10,0.003
19-Feb-10,0.003
20-Feb-10,0.003
21-Feb-10,0.003
22-Feb-10,0.003
23-Feb-10,0.004
24-Feb-10,0.004
25-Feb-10,0.005
26-Feb-10,0.005
27-Feb-10,0.004
28-Feb-10,0.004
1-Mar-10,0.004
2-Mar-10,0.004
3-Mar-10,0.004
4-Mar-10,0.003
5-Mar-10,0.003
6-Mar-10,0.003
7-Mar-10,0.004
8-Mar-10,0.004
9-Mar-10,0.003
10-Mar-10,0.003
11-Mar-10,0.003
12-Mar-10,0.003
13-Mar-10,0.003
14-Mar-10,0.004
15-Mar-10,0.004
16-Mar-10,0.004
17-Mar-10,0.004
18-Mar-10,0.005
19-Mar-10,0.005
20-Mar-10,0.005
21-Mar-10,0.004
22-Mar-10,0.004
23-Mar-10,0.005
24-Mar-10,0.005
25-Mar-10,0.004
26-Mar-10,0.004
27-Mar-10,0.001
28-Mar-10,0.003
29-Mar-10,0.005
30-Mar-10,0.005
31-Mar-10,0.006
1-Apr-10,0.006
2-Apr-10,0.006
3-Apr-10,0.006
4-Apr-10,0.007
5-Apr-10,0.005
6-Apr-10,0.007
7-Apr-10,0.007
8-Apr-10,0.008
9-Apr-10,0.006
10-Apr-10,0.005
11-Apr-10,0.005
12-Apr-10,0.004
13-Apr-10,0.004
14-Apr-10,0.004
15-Apr-10,0.004
16-Apr-10,0.004
17-Apr-10,0.004
18-Apr-10,0.004
19-Apr-10,0.005
20-Apr-10,0.006
21-Apr-10,0.006
22-Apr-10,0.007
23-Apr-10,0.006
24-Apr-10,0.005
25-Apr-10,0.005
26-Apr-10,0.006
27-Apr-10,0.006
28-Apr-10,0.005
29-Apr-10,0.004
30-Apr-10,0.004
1-May-10,0.006
2-May-10,0.008
3-May-10,0.012
4-May-10,0.009
5-May-10,0.008
6-May-10,0.008
7-May-10,0.006
8-May-10,0.006
9-May-10,0.005
10-May-10,0.004
11-May-10,0.003
12-May-10,0.005
13-May-10,0.005
14-May-10,0.006
15-May-10,0.007
16-May-10,0.006
17-May-10,0.005
18-May-10,0.006
19-May-10,0.007
20-May-10,0.009
21-May-10,0.008
22-May-10,0.007
23-May-10,0.008
24-May-10,0.01
25-May-10,0.011
26-May-10,0.013
27-May-10,0.009
28-May-10,0.007
29-May-10,0.008
30-May-10,0.01
31-May-10,0.007
1-Jun-10,0.01
2-Jun-10,0.01
3-Jun-10,0.01
4-Jun-10,0.011
5-Jun-10,0.012
6-Jun-10,0.011
7-Jun-10,0.008
8-Jun-10,0.007
9-Jun-10,0.007
10-Jun-10,0.008
11-Jun-10,0.008
12-Jun-10,0.009
13-Jun-10,0.009
14-Jun-10,0.009
15-Jun-10,0.009
16-Jun-10,0.007
17-Jun-10,0.01
18-Jun-10,0.011
19-Jun-10,0.011
20-Jun-10,0.013
21-Jun-10,0.012
22-Jun-10,0.009
23-Jun-10,0.011
24-Jun-10,0.014
25-Jun-10,0.011
26-Jun-10,0.011
27-Jun-10,0.011
28-Jun-10,0.013
29-Jun-10,0.013
30-Jun-10,0.009
1-Jul-10,0.008
2-Jul-10,0.008
3-Jul-10,0.009
4-Jul-10,0.012
5-Jul-10,0.013
6-Jul-10,0.016
7-Jul-10,0.015
8-Jul-10,0.014
9-Jul-10,0.015
10-Jul-10,0.015
11-Jul-10,0.014
12-Jul-10,0.013
13-Jul-10,0.014
14-Jul-10,0.014
15-Jul-10,0.014
16-Jul-10,0.013
17-Jul-10,0.015
18-Jul-10,0.013
19-Jul-10,0.013
20-Jul-10,0.013
21-Jul-10,0.013
22-Jul-10,0.013
23-Jul-10,0.012
24-Jul-10,0.013
25-Jul-10,0.014
26-Jul-10,0.01
27-Jul-10,0.011
28-Jul-10,0.011
29-Jul-10,0.014
30-Jul-10,0.009
31-Jul-10,0.008
1-Aug-10,0.009
2-Aug-10,0.01
3-Aug-10,0.013
4-Aug-10,0.015
5-Aug-10,0.015
6-Aug-10,0.013
7-Aug-10,0.008
8-Aug-10,0.009
9-Aug-10,0.013
10-Aug-10,0.012
11-Aug-10,0.012
12-Aug-10,0.011
13-Aug-10,0.01
14-Aug-10,0.009
15-Aug-10,0.011
16-Aug-10,0.013
17-Aug-10,0.013
18-Aug-10,0.011
19-Aug-10,0.011
20-Aug-10,0.011
21-Aug-10,0.009
22-Aug-10,0.012
23-Aug-10,0.011
24-Aug-10,0.01
25-Aug-10,0.01
26-Aug-10,0.012
27-Aug-10,0.01
28-Aug-10,0.009
29-Aug-10,0.012
30-Aug-10,0.013
31-Aug-10,0.014
1-Sep-10,0.015
2-Sep-10,0.014
3-Sep-10,0.015
4-Sep-10,0.014
5-Sep-10,0.008
6-Sep-10,0.008
7-Sep-10,0.01
8-Sep-10,0.012
9-Sep-10,0.011
10-Sep-10,0.009
11-Sep-10,0.008
12-Sep-10,0.007
13-Sep-10,0.008
14-Sep-10,0.01
15-Sep-10,0.007
16-Sep-10,0.007
17-Sep-10,0.009
18-Sep-10,0.008
19-Sep-10,0.009
20-Sep-10,0.007
21-Sep-10,0.006
22-Sep-10,0.01
23-Sep-10,0.01
24-Sep-10,0.01
25-Sep-10,0.012
26-Sep-10,0.008
27-Sep-10,0.008
28-Sep-10,0.011
29-Sep-10,0.012
30-Sep-10,0.011
1-Oct-10,0.013
2-Oct-10,0.008
3-Oct-10,0.006
4-Oct-10,0.006
5-Oct-10,0.007
6-Oct-10,0.008
7-Oct-10,0.008
8-Oct-10,0.007
9-Oct-10,0.006
10-Oct-10,0.004
11-Oct-10,0.006
12-Oct-10,0.005
13-Oct-10,0.005
14-Oct-10,0.006
15-Oct-10,0.008
16-Oct-10,0.006
17-Oct-10,0.006
18-Oct-10,0.005
19-Oct-10,0.004
20-Oct-10,0.005
21-Oct-10,0.007
22-Oct-10,0.004
23-Oct-10,0.003
24-Oct-10,0.003
25-Oct-10,0.006
26-Oct-10,0.008
27-Oct-10,0.01
28-Oct-10,0.009
29-Oct-10,0.006
30-Oct-10,0.004
31-Oct-10,0.005
1-Nov-10,0.003
2-Nov-10,0.003
3-Nov-10,0.003
4-Nov-10,0.005
5-Nov-10,0.007
6-Nov-10,0.005
7-Nov-10,0.004
8-Nov-10,0.005
9-Nov-10,0.006
10-Nov-10,0.005
11-Nov-10,0.003
12-Nov-10,0.003
13-Nov-10,0.004
14-Nov-10,0.005
15-Nov-10,0.006
16-Nov-10,0.006
17-Nov-10,0.007
18-Nov-10,0.005
19-Nov-10,0.003
20-Nov-10,0.003
21-Nov-10,0.002
22-Nov-10,0.004
23-Nov-10,0.005
24-Nov-10,0.004
25-Nov-10,0.002
26-Nov-10,0.003
27-Nov-10,0.003
28-Nov-10,0.002
29-Nov-10,0.003
30-Nov-10,0.004
1-Dec-10,0.006
2-Dec-10,0.005
3-Dec-10,0.003
4-Dec-10,0.004
5-Dec-10,0.003
6-Dec-10,0.002
7-Dec-10,0.002
8-Dec-10,0.002
9-Dec-10,0.001
10-Dec-10,0.001
11-Dec-10,0.002
12-Dec-10,0.004
13-Dec-10,0.007
14-Dec-10,0.004
15-Dec-10,0.002
16-Dec-10,0.001
17-Dec-10,0.002
18-Dec-10,0.002
19-Dec-10,0.002
20-Dec-10,0.002
21-Dec-10,0.003
22-Dec-10,0.003
23-Dec-10,0.004
24-Dec-10,0.003
25-Dec-10,0.002
26-Dec-10,0.002
27-Dec-10,0.003
28-Dec-10,0.002
29-Dec-10,0.002
30-Dec-10,0.002
31-Dec-10,0.003
1-Jan-11,0.004
2-Jan-11,0.005
3-Jan-11,0.003
4-Jan-11,0.002
5-Jan-11,0.003
6-Jan-11,0.002
7-Jan-11,0.002
8-Jan-11,0.002
9-Jan-11,0.003
10-Jan-11,0.002
11-Jan-11,0.002
12-Jan-11,0.003
13-Jan-11,0.003
14-Jan-11,0.002
15-Jan-11,0.001
16-Jan-11,0.002
17-Jan-11,0.001
18-Jan-11,0.001
19-Jan-11,0.004
20-Jan-11,0.002
21-Jan-11,0.002
22-Jan-11,0.001
23-Jan-11,0.001
24-Jan-11,0.001
25-Jan-11,0.001
26-Jan-11,0.001
27-Jan-11,0.003
28-Jan-11,0.002
29-Jan-11,0.002
30-Jan-11,0.002
31-Jan-11,0.001
1-Feb-11,0.001
2-Feb-11,0.002
3-Feb-11,0.002
4-Feb-11,0.002
5-Feb-11,0.002
6-Feb-11,0.004
7-Feb-11,0.003
8-Feb-11,0.004
9-Feb-11,0.001
10-Feb-11,0.002
11-Feb-11,0.002
12-Feb-11,0.002
13-Feb-11,0.002
14-Feb-11,0.004
15-Feb-11,0.002
16-Feb-11,0.002
17-Feb-11,0.003
18-Feb-11,0.004
19-Feb-11,0.003
20-Feb-11,0.002
21-Feb-11,0.002
22-Feb-11,0.001
23-Feb-11,0.002
24-Feb-11,0.002
25-Feb-11,0.004
26-Feb-11,0.002
27-Feb-11,0.002
28-Feb-11,0.003
1-Mar-11,0.003
2-Mar-11,0.003
3-Mar-11,0.001
4-Mar-11,0.001
5-Mar-11,0.004
6-Mar-11,0.005
7-Mar-11,0.004
8-Mar-11,0.002
9-Mar-11,0.002
10-Mar-11,0.004
11-Mar-11,0.005
12-Mar-11,0.005
13-Mar-11,0.004
14-Mar-11,0.003
15-Mar-11,0.003
16-Mar-11,0.004
17-Mar-11,0.005
18-Mar-11,0.006
19-Mar-11,0.004
20-Mar-11,0.003
21-Mar-11,0.003
22-Mar-11,0.004
23-Mar-11,0.003
24-Mar-11,0.003
25-Mar-11,0.003
26-Mar-11,0.002
27-Mar-11,0.002
28-Mar-11,0.002
29-Mar-11,0.003
30-Mar-11,0.003
31-Mar-11,0.004
1-Apr-11,0.004
2-Apr-11,0.004
3-Apr-11,0.004
4-Apr-11,0.004
5-Apr-11,0.005
6-Apr-11,0.004
7-Apr-11,0.003
8-Apr-11,0.003
9-Apr-11,0.004
10-Apr-11,0.005
11-Apr-11,0.007
12-Apr-11,0.007
13-Apr-11,0.005
14-Apr-11,0.005
15-Apr-11,0.003
16-Apr-11,0.003
17-Apr-11,0.006
18-Apr-11,0.004
19-Apr-11,0.005
20-Apr-11,0.005
21-Apr-11,0.004
22-Apr-11,0.004
23-Apr-11,0.004
24-Apr-11,0.006
25-Apr-11,0.006
26-Apr-11,0.006
27-Apr-11,0.007
28-Apr-11,0.01
29-Apr-11,0.008
30-Apr-11,0.006
1-May-11,0.005
2-May-11,0.005
3-May-11,0.006
4-May-11,0.007
5-May-11,0.006
6-May-11,0.005
7-May-11,0.007
8-May-11,0.007
9-May-11,0.006
10-May-11,0.006
11-May-11,0.007
12-May-11,0.007
13-May-11,0.007
14-May-11,0.006
15-May-11,0.007
16-May-11,0.006
17-May-11,0.006
18-May-11,0.007
19-May-11,0.007
20-May-11,0.008
21-May-11,0.008
22-May-11,0.007
23-May-11,0.006
24-May-11,0.01
25-May-11,0.01
26-May-11,0.008
27-May-11,0.011
28-May-11,0.009
29-May-11,0.011
30-May-11,0.013
31-May-11,0.01
1-Jun-11,0.011
2-Jun-11,0.009
3-Jun-11,0.007
4-Jun-11,0.007
5-Jun-11,0.007
6-Jun-11,0.008
7-Jun-11,0.01
8-Jun-11,0.01
9-Jun-11,0.013
10-Jun-11,0.012
11-Jun-11,0.009
12-Jun-11,0.008
13-Jun-11,0.008
14-Jun-11,0.008
15-Jun-11,0.009
16-Jun-11,0.011
17-Jun-11,0.011
18-Jun-11,0.012
19-Jun-11,0.009
20-Jun-11,0.009
21-Jun-11,0.01
22-Jun-11,0.009
23-Jun-11,0.009
24-Jun-11,0.008
25-Jun-11,0.009
26-Jun-11,0.01
27-Jun-11,0.011
28-Jun-11,0.012
29-Jun-11,0.012
30-Jun-11,0.011
1-Jul-11,0.011
2-Jul-11,0.011
3-Jul-11,0.012
4-Jul-11,0.013
5-Jul-11,0.013
6-Jul-11,0.013
7-Jul-11,0.012
8-Jul-11,0.01
9-Jul-11,0.013
10-Jul-11,0.011
11-Jul-11,0.013
12-Jul-11,0.016
13-Jul-11,0.014
14-Jul-11,0.01
15-Jul-11,0.011
16-Jul-11,0.012
17-Jul-11,0.012
18-Jul-11,0.014
19-Jul-11,0.014
20-Jul-11,0.011
21-Jul-11,0.016
22-Jul-11,0.018
23-Jul-11,0.014
24-Jul-11,0.013
25-Jul-11,0.01
26-Jul-11,0.012
27-Jul-11,0.012
28-Jul-11,0.011
29-Jul-11,0.013
30-Jul-11,0.014
31-Jul-11,0.012
1-Aug-11,0.012
2-Aug-11,0.014
3-Aug-11,0.011
4-Aug-11,0.011
5-Aug-11,0.012
6-Aug-11,0.014
7-Aug-11,0.014
8-Aug-11,0.015
9-Aug-11,0.012
10-Aug-11,0.011
11-Aug-11,0.011
12-Aug-11,0.011
13-Aug-11,0.01
14-Aug-11,0.012
15-Aug-11,0.012
16-Aug-11,0.011
17-Aug-11,0.011
18-Aug-11,0.011
19-Aug-11,0.014
20-Aug-11,0.013
21-Aug-11,0.013
22-Aug-11,0.013
23-Aug-11,0.009
24-Aug-11,0.01
25-Aug-11,0.013
26-Aug-11,0.014
27-Aug-11,0.013
28-Aug-11,0.014
29-Aug-11,0.011
30-Aug-11,0.009
31-Aug-11,0.011
1-Sep-11,0.01
2-Sep-11,0.009
3-Sep-11,0.011
4-Sep-11,0.013
5-Sep-11,0.015
6-Sep-11,0.011
7-Sep-11,0.01
8-Sep-11,0.01
9-Sep-11,0.01
10-Sep-11,0.009
11-Sep-11,0.008
12-Sep-11,0.011
13-Sep-11,0.011
14-Sep-11,0.013
15-Sep-11,0.011
16-Sep-11,0.006
17-Sep-11,0.006
18-Sep-11,0.007
19-Sep-11,0.007
20-Sep-11,0.009
21-Sep-11,0.009
22-Sep-11,0.012
23-Sep-11,0.012
24-Sep-11,0.013
25-Sep-11,0.013
26-Sep-11,0.011
27-Sep-11,0.01
28-Sep-11,0.01
29-Sep-11,0.01
30-Sep-11,0.011
1-Oct-11,0.011
2-Oct-11,0.008
3-Oct-11,0.009
4-Oct-11,0.008
5-Oct-11,0.007
6-Oct-11,0.004
7-Oct-11,0.004
8-Oct-11,0.007
9-Oct-11,0.009
10-Oct-11,0.01
11-Oct-11,0.007
12-Oct-11,0.007
13-Oct-11,0.008
14-Oct-11,0.01
15-Oct-11,0.009
16-Oct-11,0.006
17-Oct-11,0.007
18-Oct-11,0.006
19-Oct-11,0.006
20-Oct-11,0.009
21-Oct-11,0.007
22-Oct-11,0.006
23-Oct-11,0.006
24-Oct-11,0.006
25-Oct-11,0.006
26-Oct-11,0.005
27-Oct-11,0.004
28-Oct-11,0.004
29-Oct-11,0.003
30-Oct-11,0.004
31-Oct-11,0.004
1-Nov-11,0.004
2-Nov-11,0.004
3-Nov-11,0.006
4-Nov-11,0.005
5-Nov-11,0.003
6-Nov-11,0.003
7-Nov-11,0.004
8-Nov-11,0.006
9-Nov-11,0.006
10-Nov-11,0.008
11-Nov-11,0.006
12-Nov-11,0.004
13-Nov-11,0.005
14-Nov-11,0.007
15-Nov-11,0.009
16-Nov-11,0.006
17-Nov-11,0.006
18-Nov-11,0.004
19-Nov-11,0.003
20-Nov-11,0.005
21-Nov-11,0.004
22-Nov-11,0.003
23-Nov-11,0.004
24-Nov-11,0.003
25-Nov-11,0.004
26-Nov-11,0.005
27-Nov-11,0.006
28-Nov-11,0.007
29-Nov-11,0.007
30-Nov-11,0.008
1-Dec-11,0.004
2-Dec-11,0.003
3-Dec-11,0.003
4-Dec-11,0.004
5-Dec-11,0.006
6-Dec-11,0.008
7-Dec-11,0.006
8-Dec-11,0.004
9-Dec-11,0.003
10-Dec-11,0.003
11-Dec-11,0.002
12-Dec-11,0.003
13-Dec-11,0.003
14-Dec-11,0.003
15-Dec-11,0.004
16-Dec-11,0.005
17-Dec-11,0.003
18-Dec-11,0.001
19-Dec-11,0.001
20-Dec-11,0.003
21-Dec-11,0.003
22-Dec-11,0.005
23-Dec-11,0.004
24-Dec-11,0.002
25-Dec-11,0.002
26-Dec-11,0.003
27-Dec-11,0.003
28-Dec-11,0.006
29-Dec-11,0.001
30-Dec-11,0.001
31-Dec-11,0.004
1-Jan-12,0.004
2-Jan-12,0.005
3-Jan-12,0.002
4-Jan-12,0.001
5-Jan-12,0.001
6-Jan-12,0.002
7-Jan-12,0.003
8-Jan-12,0.003
9-Jan-12,0.002
10-Jan-12,0.003
11-Jan-12,0.002
12-Jan-12,0.003
13-Jan-12,0.003
14-Jan-12,0.002
15-Jan-12,0.001
16-Jan-12,0.001
17-Jan-12,0.003
18-Jan-12,0.004
19-Jan-12,0.001
20-Jan-12,0.003
21-Jan-12,0.001
22-Jan-12,0.001
23-Jan-12,0.003
24-Jan-12,0.005
25-Jan-12,0.003
26-Jan-12,0.003
27-Jan-12,0.004
28-Jan-12,0.003
29-Jan-12,0.003
30-Jan-12,0.003
31-Jan-12,0.002
1-Feb-12,0.003
2-Feb-12,0.003
3-Feb-12,0.002
4-Feb-12,0.002
5-Feb-12,0.002
6-Feb-12,0.003
7-Feb-12,0.003
8-Feb-12,0.002
9-Feb-12,0.002
10-Feb-12,0.003
11-Feb-12,0.003
12-Feb-12,0.002
13-Feb-12,0.001
14-Feb-12,0.002
15-Feb-12,0.003
16-Feb-12,0.004
17-Feb-12,0.005
18-Feb-12,0.003
19-Feb-12,0.003
20-Feb-12,0.002
21-Feb-12,0.002
22-Feb-12,0.004
23-Feb-12,0.005
24-Feb-12,0.003
25-Feb-12,0.004
26-Feb-12,0.002
27-Feb-12,0.002
28-Feb-12,0.003
29-Feb-12,0.002
1-Mar-12,0.003
2-Mar-12,0.002
3-Mar-12,0.004
4-Mar-12,0.004
5-Mar-12,0.003
6-Mar-12,0.002
7-Mar-12,0.003
8-Mar-12,0.006
9-Mar-12,0.005
10-Mar-12,0.002
11-Mar-12,0.003
12-Mar-12,0.005
13-Mar-12,0.006
14-Mar-12,0.005
15-Mar-12,0.003
16-Mar-12,0.004
17-Mar-12,0.005
18-Mar-12,0.006
19-Mar-12,0.007
20-Mar-12,0.007
21-Mar-12,0.008
22-Mar-12,0.009
23-Mar-12,0.007
24-Mar-12,0.004
25-Mar-12,0.005
26-Mar-12,0.004
27-Mar-12,0.001
28-Mar-12,0.003
29-Mar-12,0.004
30-Mar-12,0.003
31-Mar-12,0.003
1-Apr-12,0.004
2-Apr-12,0.004
3-Apr-12,0.003
4-Apr-12,0.003
5-Apr-12,0.003
6-Apr-12,0.003
7-Apr-12,0.003
8-Apr-12,0.003
9-Apr-12,0.005
10-Apr-12,0.005
11-Apr-12,0.005
12-Apr-12,0.005
13-Apr-12,0.005
14-Apr-12,0.005
15-Apr-12,0.006
16-Apr-12,0.008
17-Apr-12,0.009
18-Apr-12,0.005
19-Apr-12,0.006
20-Apr-12,0.007
21-Apr-12,0.008
22-Apr-12,0.007
23-Apr-12,0.006
24-Apr-12,0.006
25-Apr-12,0.006
26-Apr-12,0.005
27-Apr-12,0.006
28-Apr-12,0.003
29-Apr-12,0.003
30-Apr-12,0.003
1-May-12,0.005
2-May-12,0.006
3-May-12,0.006
4-May-12,0.006
5-May-12,0.007
6-May-12,0.006
7-May-12,0.006
8-May-12,0.007
9-May-12,0.008
10-May-12,0.009
11-May-12,0.007
12-May-12,0.007
13-May-12,0.007
14-May-12,0.008
15-May-12,0.008
16-May-12,0.01
17-May-12,0.009
18-May-12,0.007
19-May-12,0.008
20-May-12,0.009
21-May-12,0.008
22-May-12,0.01
23-May-12,0.011
24-May-12,0.01
25-May-12,0.009
26-May-12,0.013
27-May-12,0.009
28-May-12,0.009
29-May-12,0.009
30-May-12,0.01
31-May-12,0.011
1-Jun-12,0.008
2-Jun-12,0.008
3-Jun-12,0.008
4-Jun-12,0.007
5-Jun-12,0.007
6-Jun-12,0.007
7-Jun-12,0.007
8-Jun-12,0.009
9-Jun-12,0.01
10-Jun-12,0.009
11-Jun-12,0.008
12-Jun-12,0.01
13-Jun-12,0.011
14-Jun-12,0.01
15-Jun-12,0.008
16-Jun-12,0.009
17-Jun-12,0.007
18-Jun-12,0.007
19-Jun-12,0.01
20-Jun-12,0.015
21-Jun-12,0.016
22-Jun-12,0.014
23-Jun-12,0.013
24-Jun-12,0.012
25-Jun-12,0.011
26-Jun-12,0.011
27-Jun-12,0.011
28-Jun-12,0.011
29-Jun-12,0.012
30-Jun-12,0.013
1-Jul-12,0.013
2-Jul-12,0.013
3-Jul-12,0.012
4-Jul-12,0.012
5-Jul-12,0.014
6-Jul-12,0.013
7-Jul-12,0.015
8-Jul-12,0.013
9-Jul-12,0.01
10-Jul-12,0.01
11-Jul-12,0.011
12-Jul-12,0.013
13-Jul-12,0.014
14-Jul-12,0.015
15-Jul-12,0.014
16-Jul-12,0.015
17-Jul-12,0.015
18-Jul-12,0.016
19-Jul-12,0.011
20-Jul-12,0.009
21-Jul-12,0.01
22-Jul-12,0.012
23-Jul-12,0.013
24-Jul-12,0.016
25-Jul-12,0.011
26-Jul-12,0.01
27-Jul-12,0.012
28-Jul-12,0.013
29-Jul-12,0.013
30-Jul-12,0.012
31-Jul-12,0.013
1-Aug-12,0.013
2-Aug-12,0.015
3-Aug-12,0.015
4-Aug-12,0.014
5-Aug-12,0.015
6-Aug-12,0.015
7-Aug-12,0.01
8-Aug-12,0.013
9-Aug-12,0.014
10-Aug-12,0.015
11-Aug-12,0.014
12-Aug-12,0.015
13-Aug-12,0.014
14-Aug-12,0.013
15-Aug-12,0.013
16-Aug-12,0.013
17-Aug-12,0.012
18-Aug-12,0.013
19-Aug-12,0.01
20-Aug-12,0.011
21-Aug-12,0.012
22-Aug-12,0.011
23-Aug-12,0.012
24-Aug-12,0.012
25-Aug-12,0.012
26-Aug-12,0.012
27-Aug-12,0.012
28-Aug-12,0.015
29-Aug-12,0.009
30-Aug-12,0.01
31-Aug-12,0.012
1-Sep-12,0.012
2-Sep-12,0.009
3-Sep-12,0.009
4-Sep-12,0.011
5-Sep-12,0.013
6-Sep-12,0.011
7-Sep-12,0.012
8-Sep-12,0.014
9-Sep-12,0.012
10-Sep-12,0.008
11-Sep-12,0.006
12-Sep-12,0.007
13-Sep-12,0.01
14-Sep-12,0.011
15-Sep-12,0.01
16-Sep-12,0.006
17-Sep-12,0.005
18-Sep-12,0.01
19-Sep-12,0.011
20-Sep-12,0.005
21-Sep-12,0.006
22-Sep-12,0.008
23-Sep-12,0.009
24-Sep-12,0.006
25-Sep-12,0.006
26-Sep-12,0.01
27-Sep-12,0.008
28-Sep-12,0.006
29-Sep-12,0.007
30-Sep-12,0.008
1-Oct-12,0.008
2-Oct-12,0.009
3-Oct-12,0.009
4-Oct-12,0.009
5-Oct-12,0.01
6-Oct-12,0.01
7-Oct-12,0.007
8-Oct-12,0.006
9-Oct-12,0.006
10-Oct-12,0.007
11-Oct-12,0.006
12-Oct-12,0.005
13-Oct-12,0.003
14-Oct-12,0.005
15-Oct-12,0.01
16-Oct-12,0.008
17-Oct-12,0.005
18-Oct-12,0.006
19-Oct-12,0.008
20-Oct-12,0.011
21-Oct-12,0.007
22-Oct-12,0.006
23-Oct-12,0.006
24-Oct-12,0.004
25-Oct-12,0.005
26-Oct-12,0.007
27-Oct-12,0.007
28-Oct-12,0.007
29-Oct-12,0.008
30-Oct-12,0.01
31-Oct-12,0.009
1-Nov-12,0.006
2-Nov-12,0.005
3-Nov-12,0.005
4-Nov-12,0.004
5-Nov-12,0.003
6-Nov-12,0.002
7-Nov-12,0.002
8-Nov-12,0.003
9-Nov-12,0.004
10-Nov-12,0.004
11-Nov-12,0.004
12-Nov-12,0.007
13-Nov-12,0.008
14-Nov-12,0.003
15-Nov-12,0.003
16-Nov-12,0.003
17-Nov-12,0.003
18-Nov-12,0.002
19-Nov-12,0.003
20-Nov-12,0.002
21-Nov-12,0.004
22-Nov-12,0.004
23-Nov-12,0.005
24-Nov-12,0.005
25-Nov-12,0.002
26-Nov-12,0.002
27-Nov-12,0.003
28-Nov-12,0.002
29-Nov-12,0.002
30-Nov-12,0.002
1-Dec-12,0.002
2-Dec-12,0.004
3-Dec-12,0.006
4-Dec-12,0.005
5-Dec-12,0.007
6-Dec-12,0.002
7-Dec-12,0.003
8-Dec-12,0.004
9-Dec-12,0.004
10-Dec-12,0.004
11-Dec-12,0.005
12-Dec-12,0.002
13-Dec-12,0.003
14-Dec-12,0.003
15-Dec-12,0.002
16-Dec-12,0.001
17-Dec-12,0.003
18-Dec-12,0.005
19-Dec-12,0.004
20-Dec-12,0.003
21-Dec-12,0.005
22-Dec-12,0.004
23-Dec-12,0.002
24-Dec-12,0.002
25-Dec-12,0.002
26-Dec-12,0.002
27-Dec-12,0.003
28-Dec-12,0.003
29-Dec-12,0.003
30-Dec-12,0.003
31-Dec-12,0.002
1-Jan-13,0.002
2-Jan-13,0.001
3-Jan-13,0.001
4-Jan-13,0.002
5-Jan-13,0.003
6-Jan-13,0.002
7-Jan-13,0.003
8-Jan-13,0.003
9-Jan-13,0.003
10-Jan-13,0.004
11-Jan-13,0.003
12-Jan-13,0.004
13-Jan-13,0.005
14-Jan-13,0.006
15-Jan-13,0.003
16-Jan-13,0.003
17-Jan-13,0.003
18-Jan-13,0.001
19-Jan-13,0.002
20-Jan-13,0.004
21-Jan-13,0.002
22-Jan-13,0.002
23-Jan-13,0.001
24-Jan-13,0.001
25-Jan-13,0.001
26-Jan-13,0.001
27-Jan-13,0.001
28-Jan-13,0.001
29-Jan-13,0.003
30-Jan-13,0.005
31-Jan-13,0.006
1-Feb-13,0.002
2-Feb-13,0.001
3-Feb-13,0.002
4-Feb-13,0.002
5-Feb-13,0.001
6-Feb-13,0.002
7-Feb-13,0.001
8-Feb-13,0.002
9-Feb-13,0.002
10-Feb-13,0.001
11-Feb-13,0.002
12-Feb-13,0.004
13-Feb-13,0.003
14-Feb-13,0.003
15-Feb-13,0.004
16-Feb-13,0.004
17-Feb-13,0.002
18-Feb-13,0.001
19-Feb-13,0.002
20-Feb-13,0.004
21-Feb-13,0.002
22-Feb-13,0.002
23-Feb-13,0.003
24-Feb-13,0.004
25-Feb-13,0.003
26-Feb-13,0.004
27-Feb-13,0.004
28-Feb-13,0.004
1-Mar-13,0.004
2-Mar-13,0.004
3-Mar-13,0.004
4-Mar-13,0.003
5-Mar-13,0.003
6-Mar-13,0.004
7-Mar-13,0.003
8-Mar-13,0.003
9-Mar-13,0.004
10-Mar-13,0.003
11-Mar-13,0.004
12-Mar-13,0.005
13-Mar-13,0.005
14-Mar-13,0.003
15-Mar-13,0.002
16-Mar-13,0.002
17-Mar-13,0.002
18-Mar-13,0.002
19-Mar-13,0.003
20-Mar-13,0.003
21-Mar-13,0.003
22-Mar-13,0.003
23-Mar-13,0.003
24-Mar-13,0.003
25-Mar-13,0.004
26-Mar-13,0.004
27-Mar-13,0.004
28-Mar-13,0.004
29-Mar-13,0.004
30-Mar-13,0.004
31-Mar-13,0.003
1-Apr-13,0.005
2-Apr-13,0.002
3-Apr-13,0.002
4-Apr-13,0.002
5-Apr-13,0.004
6-Apr-13,0.002
7-Apr-13,0.003
8-Apr-13,0.005
9-Apr-13,0.005
10-Apr-13,0.006
11-Apr-13,0.005
12-Apr-13,0.003
13-Apr-13,0.004
14-Apr-13,0.005
15-Apr-13,0.004
16-Apr-13,0.005
17-Apr-13,0.006
18-Apr-13,0.004
19-Apr-13,0.007
20-Apr-13,0.007
21-Apr-13,0.003
22-Apr-13,0.003
23-Apr-13,0.004
24-Apr-13,0.006
25-Apr-13,0.006
26-Apr-13,0.004
27-Apr-13,0.005
28-Apr-13,0.005
29-Apr-13,0.006
30-Apr-13,0.005
1-May-13,0.004
2-May-13,0.006
3-May-13,0.005
4-May-13,0.005
5-May-13,0.005
6-May-13,0.005
7-May-13,0.007
8-May-13,0.008
9-May-13,0.008
10-May-13,0.009
11-May-13,0.009
12-May-13,0.009
13-May-13,0.004
14-May-13,0.004
15-May-13,0.005
16-May-13,0.007
17-May-13,0.006
18-May-13,0.005
19-May-13,0.006
20-May-13,0.009
21-May-13,0.007
22-May-13,0.007
23-May-13,0.008
24-May-13,0.011
25-May-13,0.007
26-May-13,0.006
27-May-13,0.005
28-May-13,0.005
29-May-13,0.008
30-May-13,0.011
31-May-13,0.012
1-Jun-13,0.013
2-Jun-13,0.014
3-Jun-13,0.012
4-Jun-13,0.008
5-Jun-13,0.007
6-Jun-13,0.008
7-Jun-13,0.008
8-Jun-13,0.009
9-Jun-13,0.009
10-Jun-13,0.009
11-Jun-13,0.008
12-Jun-13,0.009
13-Jun-13,0.008
14-Jun-13,0.009
15-Jun-13,0.008
16-Jun-13,0.008
17-Jun-13,0.011
18-Jun-13,0.01
19-Jun-13,0.008
20-Jun-13,0.008
21-Jun-13,0.01
22-Jun-13,0.011
23-Jun-13,0.013
24-Jun-13,0.015
25-Jun-13,0.015
26-Jun-13,0.013
27-Jun-13,0.01
28-Jun-13,0.01
29-Jun-13,0.014
30-Jun-13,0.013
1-Jul-13,0.014
2-Jul-13,0.011
3-Jul-13,0.011
4-Jul-13,0.016
5-Jul-13,0.016
6-Jul-13,0.016
7-Jul-13,0.014
8-Jul-13,0.014
9-Jul-13,0.011
10-Jul-13,0.012
11-Jul-13,0.015
12-Jul-13,0.011
13-Jul-13,0.01
14-Jul-13,0.013
15-Jul-13,0.015
16-Jul-13,0.015
17-Jul-13,0.014
18-Jul-13,0.015
19-Jul-13,0.015
20-Jul-13,0.016
21-Jul-13,0.011
22-Jul-13,0.011
23-Jul-13,0.012
24-Jul-13,0.013
25-Jul-13,0.009
26-Jul-13,0.011
27-Jul-13,0.012
28-Jul-13,0.011
29-Jul-13,0.011
30-Jul-13,0.011
31-Jul-13,0.01
1-Aug-13,0.011
2-Aug-13,0.013
3-Aug-13,0.011
4-Aug-13,0.011
5-Aug-13,0.009
6-Aug-13,0.008
7-Aug-13,0.009
8-Aug-13,0.012
9-Aug-13,0.014
10-Aug-13,0.013
11-Aug-13,0.009
12-Aug-13,0.01
13-Aug-13,0.011
14-Aug-13,0.012
15-Aug-13,0.008
16-Aug-13,0.009
17-Aug-13,0.009
18-Aug-13,0.01
19-Aug-13,0.011
20-Aug-13,0.012
21-Aug-13,0.012
22-Aug-13,0.013
23-Aug-13,0.011
24-Aug-13,0.008
25-Aug-13,0.009
26-Aug-13,0.011
27-Aug-13,0.012
28-Aug-13,0.011
29-Aug-13,0.011
30-Aug-13,0.011
31-Aug-13,0.014
1-Sep-13,0.015
2-Sep-13,0.013
3-Sep-13,0.013
4-Sep-13,0.011
5-Sep-13,0.009
6-Sep-13,0.006
7-Sep-13,0.008
8-Sep-13,0.009
9-Sep-13,0.005
10-Sep-13,0.009
11-Sep-13,0.014
12-Sep-13,0.015
13-Sep-13,0.013
14-Sep-13,0.01
15-Sep-13,0.007
16-Sep-13,0.008
17-Sep-13,0.005
18-Sep-13,0.006
19-Sep-13,0.008
20-Sep-13,0.008
21-Sep-13,0.009
22-Sep-13,0.011
23-Sep-13,0.006
24-Sep-13,0.005
25-Sep-13,0.006
26-Sep-13,0.007
27-Sep-13,0.008
28-Sep-13,0.008
29-Sep-13,0.006
30-Sep-13,0.006
1-Oct-13,0.007
2-Oct-13,0.008
3-Oct-13,0.009
4-Oct-13,0.008
5-Oct-13,0.007
6-Oct-13,0.006
7-Oct-13,0.01
8-Oct-13,0.008
9-Oct-13,0.005
10-Oct-13,0.006
11-Oct-13,0.007
12-Oct-13,0.008
13-Oct-13,0.006
14-Oct-13,0.006
15-Oct-13,0.008
16-Oct-13,0.008
17-Oct-13,0.008
18-Oct-13,0.008
19-Oct-13,0.006
20-Oct-13,0.007
21-Oct-13,0.005
22-Oct-13,0.007
23-Oct-13,0.005
24-Oct-13,0.004
25-Oct-13,0.004
26-Oct-13,0.003
27-Oct-13,0.005
28-Oct-13,0.004
29-Oct-13,0.003
30-Oct-13,0.003
31-Oct-13,0.005
1-Nov-13,0.01
2-Nov-13,0.007
3-Nov-13,0.004
4-Nov-13,0.002
5-Nov-13,0.003
6-Nov-13,0.005
7-Nov-13,0.008
8-Nov-13,0.004
9-Nov-13,0.003
10-Nov-13,0.004
11-Nov-13,0.004
12-Nov-13,0.003
13-Nov-13,0.002
14-Nov-13,0.003
15-Nov-13,0.004
16-Nov-13,0.004
17-Nov-13,0.004
18-Nov-13,0.008
19-Nov-13,0.004
20-Nov-13,0.002
21-Nov-13,0.002
22-Nov-13,0.003
23-Nov-13,0.003
24-Nov-13,0.002
25-Nov-13,0.001
26-Nov-13,0.002
27-Nov-13,0.006
28-Nov-13,0.003
29-Nov-13,0.001
30-Nov-13,0.001
1-Dec-13,0.003
2-Dec-13,0.004
3-Dec-13,0.004
4-Dec-13,0.003
5-Dec-13,0.004
6-Dec-13,0.006
7-Dec-13,0.003
8-Dec-13,0.002
9-Dec-13,0.003
10-Dec-13,0.004
11-Dec-13,0.002
12-Dec-13,0.002
13-Dec-13,0.001
14-Dec-13,0.001
15-Dec-13,0.002
16-Dec-13,0.002
17-Dec-13,0.001
18-Dec-13,0.002
19-Dec-13,0.003
20-Dec-13,0.004
21-Dec-13,0.005
22-Dec-13,0.004
23-Dec-13,0.003
24-Dec-13,0.003
25-Dec-13,0.001
26-Dec-13,0.002
27-Dec-13,0.002
28-Dec-13,0.003
29-Dec-13,0.004
30-Dec-13,0.003
31-Dec-13,0.001
1-Jan-14,0.001
2-Jan-14,0.001
3-Jan-14,0.001
4-Jan-14,0.001
5-Jan-14,0.002
6-Jan-14,0.005
7-Jan-14,0.002
8-Jan-14,0.001
9-Jan-14,0.001
10-Jan-14,0.002
11-Jan-14,0.004
12-Jan-14,0.005
13-Jan-14,0.003
14-Jan-14,0.005
15-Jan-14,0.004
16-Jan-14,0.004
17-Jan-14,0.004
18-Jan-14,0.003
19-Jan-14,0.003
20-Jan-14,0.003
21-Jan-14,0.001
22-Jan-14,0.001
23-Jan-14,0.001
24-Jan-14,0.001
25-Jan-14,0.002
26-Jan-14,0.002
27-Jan-14,0.003
28-Jan-14,0.001
29-Jan-14,0.001
30-Jan-14,0.001
31-Jan-14,0.002
1-Feb-14,0.003
2-Feb-14,0.004
3-Feb-14,0.003
4-Feb-14,0.002
5-Feb-14,0.002
6-Feb-14,0.002
7-Feb-14,0.002
8-Feb-14,0.002
9-Feb-14,0.002
10-Feb-14,0.002
11-Feb-14,0.001
12-Feb-14,0.001
13-Feb-14,0.002
14-Feb-14,0.003
15-Feb-14,0.003
16-Feb-14,0.002
17-Feb-14,0.001
18-Feb-14,0.002
19-Feb-14,0.003
20-Feb-14,0.003
21-Feb-14,0.004
22-Feb-14,0.004
23-Feb-14,0.004
24-Feb-14,0.003
25-Feb-14,0.002
26-Feb-14,0.002
27-Feb-14,0.001
28-Feb-14,0.001
1-Mar-14,0.001
2-Mar-14,0.003
3-Mar-14,0.001
4-Mar-14,0.001
5-Mar-14,0.002
6-Mar-14,0.001
7-Mar-14,0.002
8-Mar-14,0.003
9-Mar-14,0.003
10-Mar-14,0.002
11-Mar-14,0.004
12-Mar-14,0.004
13-Mar-14,0.002
14-Mar-14,0.002
15-Mar-14,0.004
16-Mar-14,0.003
17-Mar-14,0.001
18-Mar-14,0.001
19-Mar-14,0.002
20-Mar-14,0.004
21-Mar-14,0.004
22-Mar-14,0.003
23-Mar-14,0.003
24-Mar-14,0.002
25-Mar-14,0.002
26-Mar-14,0.002
27-Mar-14,0.002
28-Mar-14,0.004
29-Mar-14,0.005
30-Mar-14,0.004
31-Mar-14,0.004
1-Apr-14,0.004
2-Apr-14,0.004
3-Apr-14,0.004
4-Apr-14,0.003
5-Apr-14,0.004
6-Apr-14,0.004
7-Apr-14,0.004
8-Apr-14,0.006
9-Apr-14,0.005
10-Apr-14,0.003
11-Apr-14,0.005
12-Apr-14,0.006
13-Apr-14,0.005
14-Apr-14,0.007
15-Apr-14,0.008
16-Apr-14,0.004
17-Apr-14,0.002
18-Apr-14,0.003
19-Apr-14,0.004
20-Apr-14,0.003
21-Apr-14,0.004
22-Apr-14,0.006
23-Apr-14,0.007
24-Apr-14,0.004
25-Apr-14,0.004
26-Apr-14,0.005
27-Apr-14,0.005
28-Apr-14,0.005
29-Apr-14,0.004
30-Apr-14,0.004
1-May-14,0.006
2-May-14,0.006
3-May-14,0.006
4-May-14,0.006
5-May-14,0.006
6-May-14,0.005
7-May-14,0.005
8-May-14,0.005
9-May-14,0.005
10-May-14,0.009
11-May-14,0.008
12-May-14,0.006
13-May-14,0.006
14-May-14,0.005
15-May-14,0.008
16-May-14,0.009
17-May-14,0.009
18-May-14,0.007
19-May-14,0.006
20-May-14,0.007
21-May-14,0.008
22-May-14,0.007
23-May-14,0.007
24-May-14,0.007
25-May-14,0.008
26-May-14,0.01
27-May-14,0.009
28-May-14,0.006
29-May-14,0.005
30-May-14,0.007
31-May-14,0.007
1-Jun-14,0.007
2-Jun-14,0.008
3-Jun-14,0.009
4-Jun-14,0.007
5-Jun-14,0.008
6-Jun-14,0.01
7-Jun-14,0.01
8-Jun-14,0.011
9-Jun-14,0.012
10-Jun-14,0.011
11-Jun-14,0.008
12-Jun-14,0.008
13-Jun-14,0.009
14-Jun-14,0.01
15-Jun-14,0.01
16-Jun-14,0.008
17-Jun-14,0.011
18-Jun-14,0.013
19-Jun-14,0.01
20-Jun-14,0.007
21-Jun-14,0.007
22-Jun-14,0.008
23-Jun-14,0.008
24-Jun-14,0.01
25-Jun-14,0.013
26-Jun-14,0.011
27-Jun-14,0.01
28-Jun-14,0.011
29-Jun-14,0.01
30-Jun-14,0.013
1-Jul-14,0.014
2-Jul-14,0.016
3-Jul-14,0.016
4-Jul-14,0.014
5-Jul-14,0.01
6-Jul-14,0.01
7-Jul-14,0.011
8-Jul-14,0.014
9-Jul-14,0.013
10-Jul-14,0.011
11-Jul-14,0.009
12-Jul-14,0.011
13-Jul-14,0.012
14-Jul-14,0.014
15-Jul-14,0.015
16-Jul-14,0.015
17-Jul-14,0.012
18-Jul-14,0.01
19-Jul-14,0.01
20-Jul-14,0.011
21-Jul-14,0.01
22-Jul-14,0.012
23-Jul-14,0.015
24-Jul-14,0.013
25-Jul-14,0.01
26-Jul-14,0.011
27-Jul-14,0.012
28-Jul-14,0.013
29-Jul-14,0.012
30-Jul-14,0.011
31-Jul-14,0.01
1-Aug-14,0.012
2-Aug-14,0.012
3-Aug-14,0.01
4-Aug-14,0.012
5-Aug-14,0.012
6-Aug-14,0.013
7-Aug-14,0.011
8-Aug-14,0.011
9-Aug-14,0.011
10-Aug-14,0.011
11-Aug-14,0.012
12-Aug-14,0.012
13-Aug-14,0.012
14-Aug-14,0.012
15-Aug-14,0.009
16-Aug-14,0.009
17-Aug-14,0.01
18-Aug-14,0.01
19-Aug-14,0.009
20-Aug-14,0.01
21-Aug-14,0.009
22-Aug-14,0.011
23-Aug-14,0.01
24-Aug-14,0.01
25-Aug-14,0.012
26-Aug-14,0.012
27-Aug-14,0.013
28-Aug-14,0.012
29-Aug-14,0.008
30-Aug-14,0.01
31-Aug-14,0.013
1-Sep-14,0.015
2-Sep-14,0.014
3-Sep-14,0.014
4-Sep-14,0.01
5-Sep-14,0.012
6-Sep-14,0.016
7-Sep-14,0.011
8-Sep-14,0.007
9-Sep-14,0.007
10-Sep-14,0.009
11-Sep-14,0.011
12-Sep-14,0.009
13-Sep-14,0.006
14-Sep-14,0.007
15-Sep-14,0.006
16-Sep-14,0.007
17-Sep-14,0.008
18-Sep-14,0.008
19-Sep-14,0.004
20-Sep-14,0.006
21-Sep-14,0.011
22-Sep-14,0.01
23-Sep-14,0.006
24-Sep-14,0.007
25-Sep-14,0.007
26-Sep-14,0.008
27-Sep-14,0.01
28-Sep-14,0.01
29-Sep-14,0.01
30-Sep-14,0.008
1-Oct-14,0.008
2-Oct-14,0.007
3-Oct-14,0.007
4-Oct-14,0.009
5-Oct-14,0.009
6-Oct-14,0.005
7-Oct-14,0.009
8-Oct-14,0.01
9-Oct-14,0.006
10-Oct-14,0.005
11-Oct-14,0.005
12-Oct-14,0.005
13-Oct-14,0.006
14-Oct-14,0.01
15-Oct-14,0.011
16-Oct-14,0.012
17-Oct-14,0.01
18-Oct-14,0.01
19-Oct-14,0.006
20-Oct-14,0.004
21-Oct-14,0.006
22-Oct-14,0.007
23-Oct-14,0.006
24-Oct-14,0.007
25-Oct-14,0.006
26-Oct-14,0.007
27-Oct-14,0.005
28-Oct-14,0.006
29-Oct-14,0.008
30-Oct-14,0.006
31-Oct-14,0.004
1-Nov-14,0.005
2-Nov-14,0.004
3-Nov-14,0.003
4-Nov-14,0.004
5-Nov-14,0.007
6-Nov-14,0.005
7-Nov-14,0.006
8-Nov-14,0.003
9-Nov-14,0.004
10-Nov-14,0.004
11-Nov-14,0.006
12-Nov-14,0.008
13-Nov-14,0.005
14-Nov-14,0.004
15-Nov-14,0.002
16-Nov-14,0.002
17-Nov-14,0.004
18-Nov-14,0.003
19-Nov-14,0.002
20-Nov-14,0.002
21-Nov-14,0.002
22-Nov-14,0.002
23-Nov-14,0.004
24-Nov-14,0.007
25-Nov-14,0.009
26-Nov-14,0.004
27-Nov-14,0.003
28-Nov-14,0.003
29-Nov-14,0.002
30-Nov-14,0.004
1-Dec-14,0.006
2-Dec-14,0.002
3-Dec-14,0.004
4-Dec-14,0.003
5-Dec-14,0.002
6-Dec-14,0.004
7-Dec-14,0.003
8-Dec-14,0.001
9-Dec-14,0.003
10-Dec-14,0.004
11-Dec-14,0.004
12-Dec-14,0.004
13-Dec-14,0.003
14-Dec-14,0.004
15-Dec-14,0.003
16-Dec-14,0.004
17-Dec-14,0.005
18-Dec-14,0.004
19-Dec-14,0.003
20-Dec-14,0.002
21-Dec-14,0.002
22-Dec-14,0.003
23-Dec-14,0.004
24-Dec-14,0.004
25-Dec-14,0.006
26-Dec-14,0.004
27-Dec-14,0.004
28-Dec-14,0.005
29-Dec-14,0.003
30-Dec-14,0.001
31-Dec-14,0.001
1-Jan-15,0.001
2-Jan-15,0.002
3-Jan-15,0.001
4-Jan-15,0.003
5-Jan-15,0.003
6-Jan-15,0.001
7-Jan-15,0.001
8-Jan-15,0.001
9-Jan-15,0.002
10-Jan-15,0.002
11-Jan-15,0.001
12-Jan-15,0.003
13-Jan-15,0.002
14-Jan-15,0.001
15-Jan-15,0.002
16-Jan-15,0.002
17-Jan-15,0.001
18-Jan-15,0.003
19-Jan-15,0.005
20-Jan-15,0.003
21-Jan-15,0.002
22-Jan-15,0.002
23-Jan-15,0.002
24-Jan-15,0.003
25-Jan-15,0.003
26-Jan-15,0.001
27-Jan-15,0.002
28-Jan-15,0.002
29-Jan-15,0.001
30-Jan-15,0.003
31-Jan-15,0.002
1-Feb-15,0.001
2-Feb-15,0.001
3-Feb-15,0.001
4-Feb-15,0.002
5-Feb-15,0.003
6-Feb-15,0.001
7-Feb-15,0.002
8-Feb-15,0.002
9-Feb-15,0.001
10-Feb-15,0.002
11-Feb-15,0.001
12-Feb-15,0.001
13-Feb-15,0.001
14-Feb-15,0.001
15-Feb-15,0.002
16-Feb-15,0.001
17-Feb-15,0.001
18-Feb-15,0.001
19-Feb-15,0.003
20-Feb-15,0.001
21-Feb-15,0.001
22-Feb-15,0.003
23-Feb-15,0.002
24-Feb-15,0.001
25-Feb-15,0.002
26-Feb-15,0.001
27-Feb-15,0.001
28-Feb-15,0.001
1-Mar-15,0.002
2-Mar-15,0.002
3-Mar-15,0.001
4-Mar-15,0.004
5-Mar-15,0.003
6-Mar-15,0.001
7-Mar-15,0.002
8-Mar-15,0.002
9-Mar-15,0.003
10-Mar-15,0.003
11-Mar-15,0.005
12-Mar-15,0.003
13-Mar-15,0.002
14-Mar-15,0.003
15-Mar-15,0.004
16-Mar-15,0.002
17-Mar-15,0.004
18-Mar-15,0.002
19-Mar-15,0.001
20-Mar-15,0.002
21-Mar-15,0.003
22-Mar-15,0.002
23-Mar-15,0.001
24-Mar-15,0.002
25-Mar-15,0.003
26-Mar-15,0.004
27-Mar-15,0.005
28-Mar-15,0.004
29-Mar-15,0.002
30-Mar-15,0.003
31-Mar-15,0.004
1-Apr-15,0.003
2-Apr-15,0.003
3-Apr-15,0.006
4-Apr-15,0.005
5-Apr-15,0.003
6-Apr-15,0.003
7-Apr-15,0.004
8-Apr-15,0.003
9-Apr-15,0.003
10-Apr-15,0.004
11-Apr-15,0.005
12-Apr-15,0.004
13-Apr-15,0.005
14-Apr-15,0.005
15-Apr-15,0.004
16-Apr-15,0.003
17-Apr-15,0.006
18-Apr-15,0.005
19-Apr-15,0.004
20-Apr-15,0.005
21-Apr-15,0.007
22-Apr-15,0.005
23-Apr-15,0.005
24-Apr-15,0.003
25-Apr-15,0.003
26-Apr-15,0.004
27-Apr-15,0.005
28-Apr-15,0.005
29-Apr-15,0.006
30-Apr-15,0.005
1-May-15,0.005
2-May-15,0.005
3-May-15,0.006
4-May-15,0.007
5-May-15,0.007
6-May-15,0.006
7-May-15,0.006
8-May-15,0.006
9-May-15,0.006
10-May-15,0.01
11-May-15,0.009
12-May-15,0.008
13-May-15,0.006
14-May-15,0.005
15-May-15,0.005
16-May-15,0.006
17-May-15,0.009
18-May-15,0.007
19-May-15,0.008
20-May-15,0.008
21-May-15,0.005
22-May-15,0.006
23-May-15,0.004
24-May-15,0.006
25-May-15,0.007
26-May-15,0.011
27-May-15,0.012
28-May-15,0.012
29-May-15,0.01
30-May-15,0.01
31-May-15,0.01
1-Jun-15,0.006
2-Jun-15,0.006
3-Jun-15,0.006
4-Jun-15,0.006
5-Jun-15,0.007
6-Jun-15,0.007
7-Jun-15,0.006
8-Jun-15,0.007
9-Jun-15,0.01
10-Jun-15,0.01
11-Jun-15,0.011
12-Jun-15,0.01
13-Jun-15,0.009
14-Jun-15,0.008
15-Jun-15,0.007
16-Jun-15,0.009
17-Jun-15,0.008
18-Jun-15,0.008
19-Jun-15,0.01
20-Jun-15,0.007
21-Jun-15,0.01
22-Jun-15,0.011
23-Jun-15,0.011
24-Jun-15,0.011
25-Jun-15,0.009
26-Jun-15,0.008
27-Jun-15,0.008
28-Jun-15,0.009
29-Jun-15,0.008
30-Jun-15,0.01
1-Jul-15,0.01
2-Jul-15,0.011
3-Jul-15,0.008
4-Jul-15,0.009
5-Jul-15,0.011
6-Jul-15,0.01
7-Jul-15,0.012
8-Jul-15,0.014
9-Jul-15,0.009
10-Jul-15,0.01
11-Jul-15,0.01
12-Jul-15,0.012
13-Jul-15,0.011
14-Jul-15,0.011
15-Jul-15,0.014
16-Jul-15,0.007
17-Jul-15,0.008
18-Jul-15,0.011
19-Jul-15,0.014
20-Jul-15,0.013
21-Jul-15,0.012
22-Jul-15,0.01
23-Jul-15,0.01
24-Jul-15,0.01
25-Jul-15,0.01
26-Jul-15,0.011
27-Jul-15,0.012
28-Jul-15,0.013
29-Jul-15,0.013
30-Jul-15,0.013
31-Jul-15,0.012
1-Aug-15,0.01
2-Aug-15,0.01
3-Aug-15,0.012
4-Aug-15,0.012
5-Aug-15,0.01
6-Aug-15,0.009
7-Aug-15,0.009
8-Aug-15,0.01
9-Aug-15,0.01
10-Aug-15,0.01
11-Aug-15,0.012
12-Aug-15,0.013
13-Aug-15,0.011
14-Aug-15,0.01
15-Aug-15,0.012
16-Aug-15,0.013
17-Aug-15,0.013
18-Aug-15,0.013
19-Aug-15,0.014
20-Aug-15,0.014
21-Aug-15,0.015
22-Aug-15,0.013
23-Aug-15,0.013
24-Aug-15,0.013
25-Aug-15,0.014
26-Aug-15,0.014
27-Aug-15,0.011
28-Aug-15,0.01
29-Aug-15,0.01
30-Aug-15,0.011
31-Aug-15,0.011
1-Sep-15,0.011
2-Sep-15,0.011
3-Sep-15,0.013
4-Sep-15,0.01
5-Sep-15,0.008
6-Sep-15,0.01
7-Sep-15,0.011
8-Sep-15,0.013
9-Sep-15,0.013
10-Sep-15,0.013
11-Sep-15,0.011
12-Sep-15,0.01
13-Sep-15,0.01
14-Sep-15,0.01
15-Sep-15,0.009
16-Sep-15,0.01
17-Sep-15,0.011
18-Sep-15,0.011
19-Sep-15,0.011
20-Sep-15,0.01
21-Sep-15,0.005
22-Sep-15,0.007
23-Sep-15,0.007
24-Sep-15,0.008
25-Sep-15,0.006
26-Sep-15,0.005
27-Sep-15,0.005
28-Sep-15,0.009
29-Sep-15,0.012
30-Sep-15,0.012
1-Oct-15,0.007
2-Oct-15,0.005
3-Oct-15,0.005
4-Oct-15,0.005
5-Oct-15,0.006
6-Oct-15,0.006
7-Oct-15,0.006
8-Oct-15,0.006
9-Oct-15,0.007
10-Oct-15,0.006
11-Oct-15,0.005
12-Oct-15,0.007
13-Oct-15,0.009
14-Oct-15,0.009
15-Oct-15,0.005
16-Oct-15,0.006
17-Oct-15,0.005
18-Oct-15,0.003
19-Oct-15,0.002
20-Oct-15,0.005
21-Oct-15,0.006
22-Oct-15,0.008
23-Oct-15,0.005
24-Oct-15,0.004
25-Oct-15,0.007
26-Oct-15,0.005
27-Oct-15,0.004
28-Oct-15,0.005
29-Oct-15,0.01
30-Oct-15,0.005
31-Oct-15,0.004
1-Nov-15,0.006
2-Nov-15,0.006
3-Nov-15,0.006
4-Nov-15,0.006
5-Nov-15,0.007
6-Nov-15,0.009
7-Nov-15,0.007
8-Nov-15,0.004
9-Nov-15,0.004
10-Nov-15,0.004
11-Nov-15,0.005
12-Nov-15,0.005
13-Nov-15,0.007
14-Nov-15,0.004
15-Nov-15,0.003
16-Nov-15,0.004
17-Nov-15,0.003
18-Nov-15,0.003
19-Nov-15,0.005
20-Nov-15,0.007
21-Nov-15,0.004
22-Nov-15,0.004
23-Nov-15,0.003
24-Nov-15,0.002
25-Nov-15,0.002
26-Nov-15,0.005
27-Nov-15,0.007
28-Nov-15,0.006
29-Nov-15,0.003
30-Nov-15,0.002
1-Dec-15,0.003
2-Dec-15,0.005
3-Dec-15,0.005
4-Dec-15,0.004
5-Dec-15,0.004
6-Dec-15,0.004
7-Dec-15,0.004
8-Dec-15,0.004
9-Dec-15,0.003
10-Dec-15,0.006
11-Dec-15,0.006
12-Dec-15,0.006
13-Dec-15,0.005
14-Dec-15,0.005
15-Dec-15,0.006
16-Dec-15,0.004
17-Dec-15,0.005
18-Dec-15,0.006
19-Dec-15,0.003
20-Dec-15,0.002
21-Dec-15,0.003
22-Dec-15,0.005
23-Dec-15,0.005
24-Dec-15,0.006
25-Dec-15,0.005
26-Dec-15,0.004
27-Dec-15,0.005
28-Dec-15,0.002
29-Dec-15,0.002
30-Dec-15,0.002
31-Dec-15,0.003
1-Jan-16,0.003
2-Jan-16,0.003
3-Jan-16,0.003
4-Jan-16,0.002
5-Jan-16,0.001
6-Jan-16,0.002
7-Jan-16,0.002
8-Jan-16,0.003
9-Jan-16,0.004
10-Jan-16,0.005
11-Jan-16,0.004
12-Jan-16,0.002
13-Jan-16,0.003
14-Jan-16,0.002
15-Jan-16,0.002
16-Jan-16,0.003
17-Jan-16,0.003
18-Jan-16,0.002
19-Jan-16,0.001
20-Jan-16,0.002
21-Jan-16,0.002
22-Jan-16,0.002
23-Jan-16,0.002
24-Jan-16,0.002
25-Jan-16,0.002
26-Jan-16,0.004
27-Jan-16,0.004
28-Jan-16,0.002
29-Jan-16,0.004
30-Jan-16,0.003
31-Jan-16,0.004
1-Feb-16,0.005
2-Feb-16,0.004
3-Feb-16,0.004
4-Feb-16,0.007
5-Feb-16,0.004
6-Feb-16,0.002
7-Feb-16,0.003
8-Feb-16,0.002
9-Feb-16,0.002
10-Feb-16,0.002
11-Feb-16,0.002
12-Feb-16,0.001
13-Feb-16,0.002
14-Feb-16,0.001
15-Feb-16,0.001
16-Feb-16,0.004
17-Feb-16,0.004
18-Feb-16,0.003
19-Feb-16,0.002
20-Feb-16,0.004
21-Feb-16,0.005
22-Feb-16,0.003
23-Feb-16,0.002
24-Feb-16,0.003
25-Feb-16,0.007
26-Feb-16,0.003
27-Feb-16,0.001
28-Feb-16,0.003
29-Feb-16,0.005
1-Mar-16,0.002
2-Mar-16,0.004
3-Mar-16,0.001
4-Mar-16,0.002
5-Mar-16,0.002
6-Mar-16,0.002
7-Mar-16,0.003
8-Mar-16,0.004
9-Mar-16,0.005
10-Mar-16,0.008
11-Mar-16,0.005
12-Mar-16,0.004
13-Mar-16,0.004
14-Mar-16,0.003
15-Mar-16,0.005
16-Mar-16,0.005
17-Mar-16,0.005
18-Mar-16,0.004
19-Mar-16,0.002
20-Mar-16,0.002
21-Mar-16,0.003
22-Mar-16,0.002
23-Mar-16,0.004
24-Mar-16,0.003
25-Mar-16,0.004
26-Mar-16,0.004
27-Mar-16,0.003
28-Mar-16,0.004
29-Mar-16,0.004
30-Mar-16,0.003
31-Mar-16,0.005
1-Apr-16,0.008
2-Apr-16,0.006
3-Apr-16,0.003
4-Apr-16,0.001
5-Apr-16,0.002
6-Apr-16,0.001
7-Apr-16,0.005
8-Apr-16,0.005
9-Apr-16,0.003
10-Apr-16,0.002
11-Apr-16,0.004
12-Apr-16,0.006
13-Apr-16,0.003
14-Apr-16,0.003
15-Apr-16,0.003
16-Apr-16,0.004
17-Apr-16,0.004
18-Apr-16,0.006
19-Apr-16,0.005
20-Apr-16,0.004
21-Apr-16,0.004
22-Apr-16,0.006
23-Apr-16,0.007
24-Apr-16,0.003
25-Apr-16,0.003
26-Apr-16,0.003
27-Apr-16,0.003
28-Apr-16,0.003
29-Apr-16,0.003
30-Apr-16,0.005
1-May-16,0.005
2-May-16,0.005
3-May-16,0.005
4-May-16,0.005
5-May-16,0.005
6-May-16,0.006
7-May-16,0.006
8-May-16,0.006
9-May-16,0.004
10-May-16,0.005
11-May-16,0.006
12-May-16,0.006
13-May-16,0.007
14-May-16,0.009
15-May-16,0.007
16-May-16,0.004
17-May-16,0.005
18-May-16,0.006
19-May-16,0.006
20-May-16,0.007
21-May-16,0.007
22-May-16,0.007
23-May-16,0.008
24-May-16,0.008
25-May-16,0.008
26-May-16,0.009
27-May-16,0.008
28-May-16,0.01
29-May-16,0.008
30-May-16,0.008
31-May-16,0.011
1-Jun-16,0.009
2-Jun-16,0.008
3-Jun-16,0.009
4-Jun-16,0.01
5-Jun-16,0.01
6-Jun-16,0.01
7-Jun-16,0.011
8-Jun-16,0.009
9-Jun-16,0.006
10-Jun-16,0.007
11-Jun-16,0.008
12-Jun-16,0.009
13-Jun-16,0.007
14-Jun-16,0.008
15-Jun-16,0.009
16-Jun-16,0.009
17-Jun-16,0.009
18-Jun-16,0.008
19-Jun-16,0.009
20-Jun-16,0.01
21-Jun-16,0.012
22-Jun-16,0.009
23-Jun-16,0.009
24-Jun-16,0.009
25-Jun-16,0.009
26-Jun-16,0.009
27-Jun-16,0.011
28-Jun-16,0.012
29-Jun-16,0.013
30-Jun-16,0.011
1-Jul-16,0.011
2-Jul-16,0.011
3-Jul-16,0.009
4-Jul-16,0.01
5-Jul-16,0.011
6-Jul-16,0.012
7-Jul-16,0.011
8-Jul-16,0.01
9-Jul-16,0.009
10-Jul-16,0.009
11-Jul-16,0.01
12-Jul-16,0.011
13-Jul-16,0.012
14-Jul-16,0.013
15-Jul-16,0.014
16-Jul-16,0.013
17-Jul-16,0.012
18-Jul-16,0.013
19-Jul-16,0.012
20-Jul-16,0.009
21-Jul-16,0.01
22-Jul-16,0.012
23-Jul-16,0.013
24-Jul-16,0.012
25-Jul-16,0.011
26-Jul-16,0.013
27-Jul-16,0.013
28-Jul-16,0.013
29-Jul-16,0.013
30-Jul-16,0.011
31-Jul-16,0.011
1-Aug-16,0.012
2-Aug-16,0.011
3-Aug-16,0.01
4-Aug-16,0.011
5-Aug-16,0.011
6-Aug-16,0.013
7-Aug-16,0.011
8-Aug-16,0.009
9-Aug-16,0.009
10-Aug-16,0.011
11-Aug-16,0.014
12-Aug-16,0.015
13-Aug-16,0.012
14-Aug-16,0.013
15-Aug-16,0.013
16-Aug-16,0.011
17-Aug-16,0.014
18-Aug-16,0.011
19-Aug-16,0.011
20-Aug-16,0.011
21-Aug-16,0.012
22-Aug-16,0.012
23-Aug-16,0.008
24-Aug-16,0.01
25-Aug-16,0.012
26-Aug-16,0.014
27-Aug-16,0.01
28-Aug-16,0.01
29-Aug-16,0.011
30-Aug-16,0.009
31-Aug-16,0.01
1-Sep-16,0.012
2-Sep-16,0.009
3-Sep-16,0.008
4-Sep-16,0.008
5-Sep-16,0.008
6-Sep-16,0.009
7-Sep-16,0.013
8-Sep-16,0.013
9-Sep-16,0.014
10-Sep-16,0.011
11-Sep-16,0.012
12-Sep-16,0.006
13-Sep-16,0.008
14-Sep-16,0.011
15-Sep-16,0.007
16-Sep-16,0.008
17-Sep-16,0.008
18-Sep-16,0.012
19-Sep-16,0.013
20-Sep-16,0.012
21-Sep-16,0.01
22-Sep-16,0.009
23-Sep-16,0.01
24-Sep-16,0.006
25-Sep-16,0.005
26-Sep-16,0.005
27-Sep-16,0.008
28-Sep-16,0.008
29-Sep-16,0.006
30-Sep-16,0.006
1-Oct-16,0.006
2-Oct-16,0.007
3-Oct-16,0.008
4-Oct-16,0.007
5-Oct-16,0.006
6-Oct-16,0.006
7-Oct-16,0.008
8-Oct-16,0.008
9-Oct-16,0.008
10-Oct-16,0.005
11-Oct-16,0.004
12-Oct-16,0.006
13-Oct-16,0.008
14-Oct-16,0.005
15-Oct-16,0.003
16-Oct-16,0.006
17-Oct-16,0.009
18-Oct-16,0.007
19-Oct-16,0.01
20-Oct-16,0.007
21-Oct-16,0.01
22-Oct-16,0.011
23-Oct-16,0.005
24-Oct-16,0.004
25-Oct-16,0.003
26-Oct-16,0.003
27-Oct-16,0.004
28-Oct-16,0.006
29-Oct-16,0.005
30-Oct-16,0.006
31-Oct-16,0.004
1-Nov-16,0.003
2-Nov-16,0.006
3-Nov-16,0.007
4-Nov-16,0.005
5-Nov-16,0.004
6-Nov-16,0.005
7-Nov-16,0.003
8-Nov-16,0.004
9-Nov-16,0.005
10-Nov-16,0.004
11-Nov-16,0.004
12-Nov-16,0.003
13-Nov-16,0.004
14-Nov-16,0.005
15-Nov-16,0.006
16-Nov-16,0.008
17-Nov-16,0.006
18-Nov-16,0.005
19-Nov-16,0.005
20-Nov-16,0.006
21-Nov-16,0.003
22-Nov-16,0.003
23-Nov-16,0.003
24-Nov-16,0.003
25-Nov-16,0.004
26-Nov-16,0.004
27-Nov-16,0.004
28-Nov-16,0.003
29-Nov-16,0.004
30-Nov-16,0.005
1-Dec-16,0.006
2-Dec-16,0.004
3-Dec-16,0.004
4-Dec-16,0.003
5-Dec-16,0.003
6-Dec-16,0.003
7-Dec-16,0.003
8-Dec-16,0.004
9-Dec-16,0.003
10-Dec-16,0.001
11-Dec-16,0.002
12-Dec-16,0.003
13-Dec-16,0.003
14-Dec-16,0.003
15-Dec-16,0.002
16-Dec-16,0.001
17-Dec-16,0.002
18-Dec-16,0.004
19-Dec-16,0.002
20-Dec-16,0.002
21-Dec-16,0.003
22-Dec-16,0.003
23-Dec-16,0.003
24-Dec-16,0.004
25-Dec-16,0.003
26-Dec-16,0.002
27-Dec-16,0.005
28-Dec-16,0.003
29-Dec-16,0.003
30-Dec-16,0.004
31-Dec-16,0.002
1-Jan-17,0.004
2-Jan-17,0.002
3-Jan-17,0.004
4-Jan-17,0.004
5-Jan-17,0.002
6-Jan-17,0.002
7-Jan-17,0.002
8-Jan-17,0.001
9-Jan-17,0.001
10-Jan-17,0.002
11-Jan-17,0.005
12-Jan-17,0.006
13-Jan-17,0.005
14-Jan-17,0.001
15-Jan-17,0.001
16-Jan-17,0.002
17-Jan-17,0.002
18-Jan-17,0.003
19-Jan-17,0.003
20-Jan-17,0.003
21-Jan-17,0.004
22-Jan-17,0.004
23-Jan-17,0.003
24-Jan-17,0.004
25-Jan-17,0.004
26-Jan-17,0.004
27-Jan-17,0.004
28-Jan-17,0.003
29-Jan-17,0.003
30-Jan-17,0.002
31-Jan-17,0.002
1-Feb-17,0.002
2-Feb-17,0.003
3-Feb-17,0.002
4-Feb-17,0.002
5-Feb-17,0.002
6-Feb-17,0.002
7-Feb-17,0.002
8-Feb-17,0.003
9-Feb-17,0.003
10-Feb-17,0.001
11-Feb-17,0.001
12-Feb-17,0.002
13-Feb-17,0.003
14-Feb-17,0.002
15-Feb-17,0.003
16-Feb-17,0.003
17-Feb-17,0.002
18-Feb-17,0.002
19-Feb-17,0.005
20-Feb-17,0.004
21-Feb-17,0.002
22-Feb-17,0.004
23-Feb-17,0.004
24-Feb-17,0.005
25-Feb-17,0.006
26-Feb-17,0.004
27-Feb-17,0.003
28-Feb-17,0.004
1-Mar-17,0.006
2-Mar-17,0.005
3-Mar-17,0.001
4-Mar-17,0.001
5-Mar-17,0.001
6-Mar-17,0.001
7-Mar-17,0.003
8-Mar-17,0.005
9-Mar-17,0.003
10-Mar-17,0.002
11-Mar-17,0.001
12-Mar-17,0.001
13-Mar-17,0.001
14-Mar-17,0.003
15-Mar-17,0.003
16-Mar-17,0.002
17-Mar-17,0.002
18-Mar-17,0.002
19-Mar-17,0.003
20-Mar-17,0.003
21-Mar-17,0.004
22-Mar-17,0.003
23-Mar-17,0.002
24-Mar-17,0.002
25-Mar-17,0.004
26-Mar-17,0.003
27-Mar-17,0.004
28-Mar-17,0.004
29-Mar-17,0.004
30-Mar-17,0.003
31-Mar-17,0.003
1-Apr-17,0.004
2-Apr-17,0.004
3-Apr-17,0.004
4-Apr-17,0.004
5-Apr-17,0.004
6-Apr-17,0.004
7-Apr-17,0.006
8-Apr-17,0.004
9-Apr-17,0.004
10-Apr-17,0.005
11-Apr-17,0.007
12-Apr-17,0.006
13-Apr-17,0.005
14-Apr-17,0.004
15-Apr-17,0.004
16-Apr-17,0.008
17-Apr-17,0.008
18-Apr-17,0.004
19-Apr-17,0.004
20-Apr-17,0.005
21-Apr-17,0.005
22-Apr-17,0.005
23-Apr-17,0.005
24-Apr-17,0.006
25-Apr-17,0.005
26-Apr-17,0.006
27-Apr-17,0.007
28-Apr-17,0.009
29-Apr-17,0.008
30-Apr-17,0.005
1-May-17,0.005
2-May-17,0.006
3-May-17,0.006
4-May-17,0.005
5-May-17,0.005
6-May-17,0.007
7-May-17,0.007
8-May-17,0.006
9-May-17,0.004
10-May-17,0.005
11-May-17,0.006
12-May-17,0.006
13-May-17,0.006
14-May-17,0.006
15-May-17,0.006
16-May-17,0.007
17-May-17,0.008
18-May-17,0.011
19-May-17,0.011
20-May-17,0.005
21-May-17,0.006
22-May-17,0.006
23-May-17,0.007
24-May-17,0.008
25-May-17,0.007
26-May-17,0.007
27-May-17,0.007
28-May-17,0.007
29-May-17,0.007
30-May-17,0.007
31-May-17,0.008
1-Jun-17,0.009
2-Jun-17,0.007
3-Jun-17,0.007
4-Jun-17,0.008
5-Jun-17,0.008
6-Jun-17,0.007
7-Jun-17,0.008
8-Jun-17,0.008
9-Jun-17,0.008
10-Jun-17,0.009
11-Jun-17,0.012
12-Jun-17,0.013
13-Jun-17,0.014
14-Jun-17,0.009
15-Jun-17,0.007
16-Jun-17,0.009
17-Jun-17,0.01
18-Jun-17,0.012
19-Jun-17,0.014
20-Jun-17,0.013
21-Jun-17,0.01
22-Jun-17,0.01
23-Jun-17,0.011
24-Jun-17,0.014
25-Jun-17,0.01
26-Jun-17,0.009
27-Jun-17,0.009
28-Jun-17,0.009
29-Jun-17,0.009
30-Jun-17,0.012
1-Jul-17,0.013
2-Jul-17,0.014
3-Jul-17,0.011
4-Jul-17,0.01
5-Jul-17,0.01
6-Jul-17,0.01
7-Jul-17,0.01
8-Jul-17,0.011
9-Jul-17,0.011
10-Jul-17,0.011
11-Jul-17,0.012
12-Jul-17,0.013
13-Jul-17,0.009
14-Jul-17,0.009
15-Jul-17,0.011
16-Jul-17,0.012
17-Jul-17,0.012
18-Jul-17,0.014
19-Jul-17,0.013
20-Jul-17,0.012
21-Jul-17,0.011
22-Jul-17,0.011
23-Jul-17,0.008
24-Jul-17,0.008
25-Jul-17,0.009
26-Jul-17,0.009
27-Jul-17,0.01
28-Jul-17,0.012
29-Jul-17,0.008
30-Jul-17,0.007
31-Jul-17,0.009
1-Aug-17,0.011
2-Aug-17,0.012
3-Aug-17,0.012
4-Aug-17,0.013
5-Aug-17,0.013
6-Aug-17,0.01
7-Aug-17,0.009
8-Aug-17,0.01
9-Aug-17,0.009
10-Aug-17,0.011
11-Aug-17,0.011
12-Aug-17,0.011
13-Aug-17,0.011
14-Aug-17,0.01
15-Aug-17,0.011
16-Aug-17,0.011
17-Aug-17,0.008
18-Aug-17,0.01
19-Aug-17,0.012
20-Aug-17,0.011
21-Aug-17,0.01
22-Aug-17,0.012
23-Aug-17,0.012
24-Aug-17,0.008
25-Aug-17,0.008
26-Aug-17,0.007
27-Aug-17,0.007
28-Aug-17,0.007
29-Aug-17,0.007
30-Aug-17,0.008
31-Aug-17,0.008
1-Sep-17,0.006
2-Sep-17,0.005
3-Sep-17,0.008
4-Sep-17,0.009
5-Sep-17,0.011
6-Sep-17,0.012
7-Sep-17,0.009
8-Sep-17,0.008
9-Sep-17,0.008
10-Sep-17,0.008
11-Sep-17,0.007
12-Sep-17,0.008
13-Sep-17,0.009
14-Sep-17,0.01
15-Sep-17,0.012
16-Sep-17,0.011
17-Sep-17,0.012
18-Sep-17,0.011
19-Sep-17,0.011
20-Sep-17,0.012
21-Sep-17,0.01
22-Sep-17,0.007
23-Sep-17,0.008
24-Sep-17,0.012
25-Sep-17,0.013
26-Sep-17,0.012
27-Sep-17,0.013
28-Sep-17,0.012
29-Sep-17,0.005
30-Sep-17,0.005
1-Oct-17,0.005
2-Oct-17,0.006
3-Oct-17,0.006
4-Oct-17,0.008
5-Oct-17,0.01
6-Oct-17,0.007
7-Oct-17,0.008
8-Oct-17,0.012
9-Oct-17,0.012
10-Oct-17,0.012
11-Oct-17,0.008
12-Oct-17,0.004
13-Oct-17,0.005
14-Oct-17,0.008
15-Oct-17,0.01
16-Oct-17,0.008
17-Oct-17,0.003
18-Oct-17,0.005
19-Oct-17,0.006
20-Oct-17,0.006
21-Oct-17,0.006
22-Oct-17,0.007
23-Oct-17,0.008
24-Oct-17,0.01
25-Oct-17,0.012
26-Oct-17,0.01
27-Oct-17,0.006
28-Oct-17,0.006
29-Oct-17,0.009
30-Oct-17,0.009
31-Oct-17,0.004
1-Nov-17,0.004
2-Nov-17,0.007
3-Nov-17,0.01
4-Nov-17,0.004
5-Nov-17,0.005
6-Nov-17,0.009
7-Nov-17,0.005
8-Nov-17,0.003
9-Nov-17,0.003
10-Nov-17,0.003
11-Nov-17,0.001
12-Nov-17,0.002
13-Nov-17,0.003
14-Nov-17,0.003
15-Nov-17,0.003
16-Nov-17,0.004
17-Nov-17,0.004
18-Nov-17,0.002
19-Nov-17,0.006
20-Nov-17,0.002
21-Nov-17,0.003
22-Nov-17,0.005
23-Nov-17,0.003
24-Nov-17,0.003
25-Nov-17,0.004
26-Nov-17,0.004
27-Nov-17,0.002
28-Nov-17,0.002
29-Nov-17,0.004
30-Nov-17,0.003
1-Dec-17,0.005
2-Dec-17,0.003
3-Dec-17,0.003
4-Dec-17,0.003
5-Dec-17,0.004
6-Dec-17,0.006
7-Dec-17,0.003
8-Dec-17,0.002
9-Dec-17,0.002
10-Dec-17,0.003
11-Dec-17,0.003
12-Dec-17,0.003
13-Dec-17,0.003
14-Dec-17,0.001
15-Dec-17,0.001
16-Dec-17,0.002
17-Dec-17,0.002
18-Dec-17,0.002
19-Dec-17,0.004
20-Dec-17,0.003
21-Dec-17,0.002
22-Dec-17,0.002
23-Dec-17,0.003
24-Dec-17,0.003
25-Dec-17,0.002
26-Dec-17,0.002
27-Dec-17,0.001
28-Dec-17,0.001
29-Dec-17,0.001
30-Dec-17,0.001
31-Dec-17,0.001
1-Jan-18,0.001
2-Jan-18,0.001
3-Jan-18,0.002
4-Jan-18,0.002
5-Jan-18,0.002
6-Jan-18,0.001
7-Jan-18,0.001
8-Jan-18,0.002
9-Jan-18,0.003
10-Jan-18,0.002
11-Jan-18,0.004
12-Jan-18,0.006
13-Jan-18,0.007
14-Jan-18,0.001
15-Jan-18,0.001
16-Jan-18,0.002
17-Jan-18,0.003
18-Jan-18,0.003
19-Jan-18,0.002
20-Jan-18,0.003
21-Jan-18,0.004
22-Jan-18,0.003
23-Jan-18,0.003
24-Jan-18,0.003
25-Jan-18,0.001
26-Jan-18,0.001
27-Jan-18,0.003
28-Jan-18,0.005
29-Jan-18,0.003
30-Jan-18,0.002
31-Jan-18,0.001
1-Feb-18,0.003
2-Feb-18,0.003
3-Feb-18,0.001
4-Feb-18,0.003
5-Feb-18,0.004
6-Feb-18,0.002
7-Feb-18,0.002
8-Feb-18,0.002
9-Feb-18,0.002
10-Feb-18,0.004
11-Feb-18,0.004
12-Feb-18,0.004
13-Feb-18,0.002
14-Feb-18,0.003
15-Feb-18,0.004
16-Feb-18,0.005
17-Feb-18,0.002
18-Feb-18,0.003
19-Feb-18,0.003
20-Feb-18,0.005
21-Feb-18,0.006
22-Feb-18,0.004
23-Feb-18,0.002
24-Feb-18,0.004
25-Feb-18,0.003
26-Feb-18,0.004
27-Feb-18,0.003
28-Feb-18,0.004
1-Mar-18,0.005
2-Mar-18,0.004
3-Mar-18,0.004
4-Mar-18,0.003
5-Mar-18,0.003
6-Mar-18,0.003
7-Mar-18,0.003
8-Mar-18,0.003
9-Mar-18,0.003
10-Mar-18,0.003
11-Mar-18,0.003
12-Mar-18,0.003
13-Mar-18,0.003
14-Mar-18,0.004
15-Mar-18,0.004
16-Mar-18,0.003
17-Mar-18,0.002
18-Mar-18,0.001
19-Mar-18,0.002
20-Mar-18,0.002
21-Mar-18,0.003
22-Mar-18,0.004
23-Mar-18,0.003
24-Mar-18,0.004
25-Mar-18,0.003
26-Mar-18,0.003
27-Mar-18,0.003
28-Mar-18,0.004
29-Mar-18,0.004
30-Mar-18,0.006
31-Mar-18,0.004
1-Apr-18,0.003
2-Apr-18,0.003
3-Apr-18,0.003
4-Apr-18,0.005
5-Apr-18,0.002
6-Apr-18,0.002
7-Apr-18,0.003
8-Apr-18,0.002
9-Apr-18,0.002
10-Apr-18,0.002
11-Apr-18,0.003
12-Apr-18,0.004
13-Apr-18,0.005
14-Apr-18,0.005
15-Apr-18,0.002
16-Apr-18,0.003
17-Apr-18,0.005
18-Apr-18,0.003
19-Apr-18,0.004
20-Apr-18,0.004
21-Apr-18,0.003
22-Apr-18,0.003
23-Apr-18,0.003
24-Apr-18,0.004
25-Apr-18,0.005
26-Apr-18,0.007
27-Apr-18,0.006
28-Apr-18,0.006
29-Apr-18,0.006
30-Apr-18,0.005
1-May-18,0.005
2-May-18,0.006
3-May-18,0.009
4-May-18,0.008
5-May-18,0.007
6-May-18,0.007
7-May-18,0.007
8-May-18,0.006
9-May-18,0.006
10-May-18,0.006
11-May-18,0.006
12-May-18,0.004
13-May-18,0.005
14-May-18,0.007
15-May-18,0.009
16-May-18,0.006
17-May-18,0.007
18-May-18,0.005
19-May-18,0.005
20-May-18,0.009
21-May-18,0.007
22-May-18,0.007
23-May-18,0.008
24-May-18,0.007
25-May-18,0.007
26-May-18,0.01
27-May-18,0.007
28-May-18,0.006
29-May-18,0.009
30-May-18,0.007
31-May-18,0.008
1-Jun-18,0.011
2-Jun-18,0.012
3-Jun-18,0.006
4-Jun-18,0.006
5-Jun-18,0.007
6-Jun-18,0.007
7-Jun-18,0.008
8-Jun-18,0.009
9-Jun-18,0.007
10-Jun-18,0.006
11-Jun-18,0.006
12-Jun-18,0.007
13-Jun-18,0.009
14-Jun-18,0.01
15-Jun-18,0.008
16-Jun-18,0.008
17-Jun-18,0.008
18-Jun-18,0.01
19-Jun-18,0.011
20-Jun-18,0.007
21-Jun-18,0.009
22-Jun-18,0.007
23-Jun-18,0.008
24-Jun-18,0.009
25-Jun-18,0.01
26-Jun-18,0.007
27-Jun-18,0.008
28-Jun-18,0.011
29-Jun-18,0.012
30-Jun-18,0.012
1-Jul-18,0.013
2-Jul-18,0.012
3-Jul-18,0.014
4-Jul-18,0.013
5-Jul-18,0.013
6-Jul-18,0.015
7-Jul-18,0.007
8-Jul-18,0.008
9-Jul-18,0.01
10-Jul-18,0.011
11-Jul-18,0.009
12-Jul-18,0.008
13-Jul-18,0.01
14-Jul-18,0.01
15-Jul-18,0.012
16-Jul-18,0.013
17-Jul-18,0.015
18-Jul-18,0.011
19-Jul-18,0.008
20-Jul-18,0.009
21-Jul-18,0.01
22-Jul-18,0.011
23-Jul-18,0.014
24-Jul-18,0.014
25-Jul-18,0.015
26-Jul-18,0.015
27-Jul-18,0.013
28-Jul-18,0.014
29-Jul-18,0.012
30-Jul-18,0.01
31-Jul-18,0.011
1-Aug-18,0.012
2-Aug-18,0.015
3-Aug-18,0.014
4-Aug-18,0.015
5-Aug-18,0.013
6-Aug-18,0.013
7-Aug-18,0.014
8-Aug-18,0.014
9-Aug-18,0.015
10-Aug-18,0.011
11-Aug-18,0.01
12-Aug-18,0.012
13-Aug-18,0.012
14-Aug-18,0.013
15-Aug-18,0.014
16-Aug-18,0.013
17-Aug-18,0.01
18-Aug-18,0.015
19-Aug-18,0.01
20-Aug-18,0.01
21-Aug-18,0.01
22-Aug-18,0.012
23-Aug-18,0.01
24-Aug-18,0.009
25-Aug-18,0.011
26-Aug-18,0.011
27-Aug-18,0.013
28-Aug-18,0.014
29-Aug-18,0.015
30-Aug-18,0.013
31-Aug-18,0.008
1-Sep-18,0.008
2-Sep-18,0.011
3-Sep-18,0.014
4-Sep-18,0.014
5-Sep-18,0.013
6-Sep-18,0.015
7-Sep-18,0.008
8-Sep-18,0.007
9-Sep-18,0.005
10-Sep-18,0.006
11-Sep-18,0.011
12-Sep-18,0.011
13-Sep-18,0.012
14-Sep-18,0.011
15-Sep-18,0.011
16-Sep-18,0.012
17-Sep-18,0.012
18-Sep-18,0.013
19-Sep-18,0.01
20-Sep-18,0.008
21-Sep-18,0.008
22-Sep-18,0.009
23-Sep-18,0.005
24-Sep-18,0.005
25-Sep-18,0.006
26-Sep-18,0.013
27-Sep-18,0.01
28-Sep-18,0.007
29-Sep-18,0.008
30-Sep-18,0.007
1-Oct-18,0.007
2-Oct-18,0.007
3-Oct-18,0.008
4-Oct-18,0.009
5-Oct-18,0.007
6-Oct-18,0.005
7-Oct-18,0.008
8-Oct-18,0.006
9-Oct-18,0.009
10-Oct-18,0.012
11-Oct-18,0.008
12-Oct-18,0.007
13-Oct-18,0.005
14-Oct-18,0.004
15-Oct-18,0.006
16-Oct-18,0.006
17-Oct-18,0.004
18-Oct-18,0.003
19-Oct-18,0.003
20-Oct-18,0.006
21-Oct-18,0.004
22-Oct-18,0.002
23-Oct-18,0.004
24-Oct-18,0.005
25-Oct-18,0.003
26-Oct-18,0.002
27-Oct-18,0.004
28-Oct-18,0.005
29-Oct-18,0.006
30-Oct-18,0.004
31-Oct-18,0.004
1-Nov-18,0.006
2-Nov-18,0.006
3-Nov-18,0.007
4-Nov-18,0.003
5-Nov-18,0.004
6-Nov-18,0.006
7-Nov-18,0.006
8-Nov-18,0.004
9-Nov-18,0.004
10-Nov-18,0.005
11-Nov-18,0.002
12-Nov-18,0.002
13-Nov-18,0.005
14-Nov-18,0.002
15-Nov-18,0.001
16-Nov-18,0.003
17-Nov-18,0.004
18-Nov-18,0.003
19-Nov-18,0.003
20-Nov-18,0.004
21-Nov-18,0.003
22-Nov-18,0.001
23-Nov-18,0.001
24-Nov-18,0.003
25-Nov-18,0.004
26-Nov-18,0.004
27-Nov-18,0.005
28-Nov-18,0.004
29-Nov-18,0.004
30-Nov-18,0.003
1-Dec-18,0.003
2-Dec-18,0.005
3-Dec-18,0.005
4-Dec-18,0.003
5-Dec-18,0.002
6-Dec-18,0.002
7-Dec-18,0.002
8-Dec-18,0.001
9-Dec-18,0.002
10-Dec-18,0.002
11-Dec-18,0.002
12-Dec-18,0.002
13-Dec-18,0.001
14-Dec-18,0.003
15-Dec-18,0.004
16-Dec-18,0.003
17-Dec-18,0.004
18-Dec-18,0.002
19-Dec-18,0.002
20-Dec-18,0.002
21-Dec-18,0.005
22-Dec-18,0.007
23-Dec-18,0.002
24-Dec-18,0.002
25-Dec-18,0.002
26-Dec-18,0.001
27-Dec-18,0.002
28-Dec-18,0.003
29-Dec-18,0.004
30-Dec-18,0.002
31-Dec-18,0.002
1-Jan-19,0.004
2-Jan-19,0.002
3-Jan-19,0.003
4-Jan-19,0.003
5-Jan-19,0.004
6-Jan-19,0.004
7-Jan-19,0.001
8-Jan-19,0.003
9-Jan-19,0.004
10-Jan-19,0.003
11-Jan-19,0.001
12-Jan-19,0.001
13-Jan-19,0.001
14-Jan-19,0.002
15-Jan-19,0.002
16-Jan-19,0.002
17-Jan-19,0.001
18-Jan-19,0.002
19-Jan-19,0.002
20-Jan-19,0.002
21-Jan-19,0.001
22-Jan-19,0.001
23-Jan-19,0.002
24-Jan-19,0.006
25-Jan-19,0.003
26-Jan-19,0.001
27-Jan-19,0.002
28-Jan-19,0.002
29-Jan-19,0.001
30-Jan-19,0.002
31-Jan-19,0.001
1-Feb-19,0.001
2-Feb-19,0.001
3-Feb-19,0.002
4-Feb-19,0.004
5-Feb-19,0.005
6-Feb-19,0.003
7-Feb-19,0.003
8-Feb-19,0.004
9-Feb-19,0.001
10-Feb-19,0.001
11-Feb-19,0.001
12-Feb-19,0.001
13-Feb-19,0.003
14-Feb-19,0.002
15-Feb-19,0.003
16-Feb-19,0.004
17-Feb-19,0.002
18-Feb-19,0.002
19-Feb-19,0.002
20-Feb-19,0.001
21-Feb-19,0.003
22-Feb-19,0.003
23-Feb-19,0.003
24-Feb-19,0.004
25-Feb-19,0.003
26-Feb-19,0.001
27-Feb-19,0.001
28-Feb-19,0.001
1-Mar-19,0.002
2-Mar-19,0.003
3-Mar-19,0.003
4-Mar-19,0.004
5-Mar-19,0.002
6-Mar-19,0.001
7-Mar-19,0.001
8-Mar-19,0.002
9-Mar-19,0.003
10-Mar-19,0.003
11-Mar-19,0.004
12-Mar-19,0.003
13-Mar-19,0.003
14-Mar-19,0.004
15-Mar-19,0.005
16-Mar-19,0.005
17-Mar-19,0.002
18-Mar-19,0.002
19-Mar-19,0.002
20-Mar-19,0.002
21-Mar-19,0.003
22-Mar-19,0.004
23-Mar-19,0.004
24-Mar-19,0.003
25-Mar-19,0.003
26-Mar-19,0.002
27-Mar-19,0.002
28-Mar-19,0.003
29-Mar-19,0.005
30-Mar-19,0.005
31-Mar-19,0.006
1-Apr-19,0.003
2-Apr-19,0.002
3-Apr-19,0.004
4-Apr-19,0.002
5-Apr-19,0.002
6-Apr-19,0.004
7-Apr-19,0.005
8-Apr-19,0.004
9-Apr-19,0.003
10-Apr-19,0.003
11-Apr-19,0.003
12-Apr-19,0.004
13-Apr-19,0.007
14-Apr-19,0.005
15-Apr-19,0.006
16-Apr-19,0.003
17-Apr-19,0.003
18-Apr-19,0.004
19-Apr-19,0.007
20-Apr-19,0.009
21-Apr-19,0.008
22-Apr-19,0.007
23-Apr-19,0.006
24-Apr-19,0.005
25-Apr-19,0.005
26-Apr-19,0.005
27-Apr-19,0.006
28-Apr-19,0.004
29-Apr-19,0.003
30-Apr-19,0.004
1-May-19,0.004
2-May-19,0.005
3-May-19,0.005
4-May-19,0.006
5-May-19,0.006
6-May-19,0.006
7-May-19,0.006
8-May-19,0.005
9-May-19,0.003
10-May-19,0.005
11-May-19,0.006
12-May-19,0.004
13-May-19,0.005
14-May-19,0.005
15-May-19,0.005
16-May-19,0.005
17-May-19,0.007
18-May-19,0.006
19-May-19,0.006
20-May-19,0.01
21-May-19,0.007
22-May-19,0.005
23-May-19,0.006
24-May-19,0.007
25-May-19,0.006
26-May-19,0.008
27-May-19,0.008
28-May-19,0.005
29-May-19,0.006
30-May-19,0.007
