system:time_start,tmax
1-Jan-08,0.207
2-Jan-08,-0.441
3-Jan-08,-8.63
4-Jan-08,-8.497
5-Jan-08,-1.814
6-Jan-08,2.417
7-Jan-08,4.685
8-Jan-08,12.279
9-Jan-08,12.918
10-Jan-08,9
11-Jan-08,5.5
12-Jan-08,5.95
13-Jan-08,5.5
14-Jan-08,1
15-Jan-08,-1.79
16-Jan-08,-0.902
17-Jan-08,-0.992
18-Jan-08,3.811
19-Jan-08,2.411
20-Jan-08,-1
21-Jan-08,-5.787
22-Jan-08,-1.264
23-Jan-08,0.648
24-Jan-08,-1.5
25-Jan-08,-3.839
26-Jan-08,-2.389
27-Jan-08,-1.939
28-Jan-08,0.746
29-Jan-08,3.5
30-Jan-08,6
31-Jan-08,3
1-Feb-08,0.758
2-Feb-08,5.823
3-Feb-08,3.5
4-Feb-08,4
5-Feb-08,2.764
6-Feb-08,1.5
7-Feb-08,0
8-Feb-08,-3.563
9-Feb-08,-1.353
10-Feb-08,2.012
11-Feb-08,-2.904
12-Feb-08,-4.859
13-Feb-08,0.299
14-Feb-08,1.292
15-Feb-08,3.072
16-Feb-08,-0.5
17-Feb-08,0.053
18-Feb-08,7.626
19-Feb-08,6.686
20-Feb-08,2
21-Feb-08,-2.5
22-Feb-08,-3.6
23-Feb-08,-0.579
24-Feb-08,1.886
25-Feb-08,4
26-Feb-08,3.509
27-Feb-08,2.493
28-Feb-08,-0.5
29-Feb-08,-4.034
1-Mar-08,-0.363
2-Mar-08,1.935
3-Mar-08,3.17
4-Mar-08,9.186
5-Mar-08,6.797
6-Mar-08,3.604
7-Mar-08,4.714
8-Mar-08,5.046
9-Mar-08,5.485
10-Mar-08,-0.295
11-Mar-08,0.633
12-Mar-08,3.859
13-Mar-08,2.959
14-Mar-08,5.375
15-Mar-08,5.236
16-Mar-08,3.837
17-Mar-08,4
18-Mar-08,5.893
19-Mar-08,4.394
20-Mar-08,3
21-Mar-08,2
22-Mar-08,2.036
23-Mar-08,3.175
24-Mar-08,2.859
25-Mar-08,2.5
26-Mar-08,8.239
27-Mar-08,9.94
28-Mar-08,6
29-Mar-08,0
30-Mar-08,4.184
31-Mar-08,4.996
1-Apr-08,8.918
2-Apr-08,11
3-Apr-08,9.179
4-Apr-08,6.581
5-Apr-08,7.524
6-Apr-08,6.947
7-Apr-08,7.303
8-Apr-08,9.905
9-Apr-08,10.491
10-Apr-08,16.46
11-Apr-08,14.5
12-Apr-08,11
13-Apr-08,9.964
14-Apr-08,9.641
15-Apr-08,11.627
16-Apr-08,14.495
17-Apr-08,15.97
18-Apr-08,21.947
19-Apr-08,20.306
20-Apr-08,16.652
21-Apr-08,14.811
22-Apr-08,18.473
23-Apr-08,23.897
24-Apr-08,22.845
25-Apr-08,18.5
26-Apr-08,16.298
27-Apr-08,12.765
28-Apr-08,11
29-Apr-08,11.44
30-Apr-08,10.993
1-May-08,11.911
2-May-08,12.638
3-May-08,10.408
4-May-08,7.953
5-May-08,14.921
6-May-08,19.624
7-May-08,21.682
8-May-08,24.03
9-May-08,20.033
10-May-08,16.74
11-May-08,16.933
12-May-08,16.894
13-May-08,19.411
14-May-08,20.215
15-May-08,18.52
16-May-08,19
17-May-08,19.36
18-May-08,20.928
19-May-08,18.398
20-May-08,17.51
21-May-08,17.801
22-May-08,16.022
23-May-08,18.163
24-May-08,19.936
25-May-08,21.663
26-May-08,24.566
27-May-08,26.991
28-May-08,22.16
29-May-08,23.658
30-May-08,21.625
31-May-08,17.382
1-Jun-08,20.838
2-Jun-08,23.454
3-Jun-08,23.676
4-Jun-08,19
5-Jun-08,17.668
6-Jun-08,15.5
7-Jun-08,18.057
8-Jun-08,27.968
9-Jun-08,30.495
10-Jun-08,27.027
11-Jun-08,28.182
12-Jun-08,26
13-Jun-08,25.672
14-Jun-08,24.396
15-Jun-08,19.262
16-Jun-08,15.566
17-Jun-08,19.184
18-Jun-08,20.542
19-Jun-08,21
20-Jun-08,21.51
21-Jun-08,22.5
22-Jun-08,23.414
23-Jun-08,22.941
24-Jun-08,24.51
25-Jun-08,26.5
26-Jun-08,27.23
27-Jun-08,27.031
28-Jun-08,21.608
29-Jun-08,20.007
30-Jun-08,25.053
1-Jul-08,27.507
2-Jul-08,27.71
3-Jul-08,28.252
4-Jul-08,25.29
5-Jul-08,24.654
6-Jul-08,25.444
7-Jul-08,27.963
8-Jul-08,30.365
9-Jul-08,29.944
10-Jul-08,29.414
11-Jul-08,25.459
12-Jul-08,24.517
13-Jul-08,25.505
14-Jul-08,26.5
15-Jul-08,28.026
16-Jul-08,28.942
17-Jul-08,30.454
18-Jul-08,29.027
19-Jul-08,29.17
20-Jul-08,26.12
21-Jul-08,24.027
22-Jul-08,24.5
23-Jul-08,22.993
24-Jul-08,23.316
25-Jul-08,24.502
26-Jul-08,27
27-Jul-08,26.667
28-Jul-08,26.96
29-Jul-08,28
30-Jul-08,27.5
31-Jul-08,25.558
1-Aug-08,24.414
2-Aug-08,22.984
3-Aug-08,23.451
4-Aug-08,24.5
5-Aug-08,23
6-Aug-08,19.835
7-Aug-08,17.844
8-Aug-08,18.03
9-Aug-08,21.02
10-Aug-08,23.488
11-Aug-08,20.478
12-Aug-08,19.499
13-Aug-08,22.977
14-Aug-08,24
15-Aug-08,25
16-Aug-08,24.5
17-Aug-08,26.428
18-Aug-08,27.099
19-Aug-08,23.988
20-Aug-08,21.991
21-Aug-08,24.811
22-Aug-08,26.5
23-Aug-08,26.263
24-Aug-08,23.554
25-Aug-08,25.786
26-Aug-08,24.463
27-Aug-08,24.471
28-Aug-08,25.439
29-Aug-08,23.235
30-Aug-08,25.01
31-Aug-08,25.502
1-Sep-08,26.566
2-Sep-08,25.5
3-Sep-08,25.227
4-Sep-08,28.032
5-Sep-08,25.663
6-Sep-08,23.857
7-Sep-08,24.787
8-Sep-08,23.591
9-Sep-08,21
10-Sep-08,19.359
11-Sep-08,18.987
12-Sep-08,17.684
13-Sep-08,20.938
14-Sep-08,20.572
15-Sep-08,24.669
16-Sep-08,22.359
17-Sep-08,18.502
18-Sep-08,18.488
19-Sep-08,15
20-Sep-08,15.5
21-Sep-08,20.573
22-Sep-08,19
23-Sep-08,16
24-Sep-08,17.925
25-Sep-08,18.194
26-Sep-08,16.852
27-Sep-08,18.536
28-Sep-08,18.963
29-Sep-08,20.139
30-Sep-08,18.324
1-Oct-08,16
2-Oct-08,16.097
3-Oct-08,15.071
4-Oct-08,15.029
5-Oct-08,14.988
6-Oct-08,13.993
7-Oct-08,16.425
8-Oct-08,18
9-Oct-08,20.804
10-Oct-08,20.507
11-Oct-08,19.409
12-Oct-08,18.419
13-Oct-08,15.373
14-Oct-08,14.504
15-Oct-08,15.493
16-Oct-08,14.977
17-Oct-08,13.99
18-Oct-08,12.408
19-Oct-08,10.474
20-Oct-08,12.4
21-Oct-08,13
22-Oct-08,8.999
23-Oct-08,8.553
24-Oct-08,12.751
25-Oct-08,14.5
26-Oct-08,16.815
27-Oct-08,17
28-Oct-08,13.619
29-Oct-08,8.641
30-Oct-08,6.648
31-Oct-08,9.959
1-Nov-08,10.5
2-Nov-08,8
3-Nov-08,7.721
4-Nov-08,12.946
5-Nov-08,17.718
6-Nov-08,16.015
7-Nov-08,15.023
8-Nov-08,14.349
9-Nov-08,13.464
10-Nov-08,11.648
11-Nov-08,8.223
12-Nov-08,6.701
13-Nov-08,7.384
14-Nov-08,10.127
15-Nov-08,13.99
16-Nov-08,15.709
17-Nov-08,9.646
18-Nov-08,5.389
19-Nov-08,1.453
20-Nov-08,-0.41
21-Nov-08,-0.661
22-Nov-08,-1.677
23-Nov-08,-1.51
24-Nov-08,1.712
25-Nov-08,7.728
26-Nov-08,9.006
27-Nov-08,6.044
28-Nov-08,5.056
29-Nov-08,5.036
30-Nov-08,3.21
1-Dec-08,4.57
2-Dec-08,6.511
3-Dec-08,6.055
4-Dec-08,6.263
5-Dec-08,4.276
6-Dec-08,1.041
7-Dec-08,0.417
8-Dec-08,-4
9-Dec-08,0.823
10-Dec-08,12.5
11-Dec-08,5.797
12-Dec-08,2.641
13-Dec-08,-0.154
14-Dec-08,-0.479
15-Dec-08,9.545
16-Dec-08,12.805
17-Dec-08,-0.536
18-Dec-08,-0.898
19-Dec-08,-2.5
20-Dec-08,-8.492
21-Dec-08,-8.167
22-Dec-08,-5.712
23-Dec-08,-5.036
24-Dec-08,3.336
25-Dec-08,9.239
26-Dec-08,1.578
27-Dec-08,2.448
28-Dec-08,9.338
29-Dec-08,8.023
30-Dec-08,4.488
1-Jan-09,-8.501
2-Jan-09,-4.977
3-Jan-09,-1.792
4-Jan-09,-0.742
5-Jan-09,1.606
6-Jan-09,1
7-Jan-09,-1.863
8-Jan-09,0.656
9-Jan-09,-1.5
10-Jan-09,-3.639
11-Jan-09,-5.218
12-Jan-09,-5.285
13-Jan-09,-0.41
14-Jan-09,1.456
15-Jan-09,-8.596
16-Jan-09,-10.513
17-Jan-09,-8.733
18-Jan-09,-6.33
19-Jan-09,-2.888
20-Jan-09,-1.903
21-Jan-09,-4.005
22-Jan-09,-1.927
23-Jan-09,-1.512
24-Jan-09,-1.698
25-Jan-09,-4.157
26-Jan-09,-7
27-Jan-09,-4.895
28-Jan-09,-2.44
29-Jan-09,-0.237
30-Jan-09,0.488
31-Jan-09,-0.872
1-Feb-09,-2.441
2-Feb-09,2.821
3-Feb-09,4
4-Feb-09,-3.429
5-Feb-09,-6.833
6-Feb-09,-6.365
7-Feb-09,0.058
8-Feb-09,7.76
9-Feb-09,2.668
10-Feb-09,-0.502
11-Feb-09,5.419
12-Feb-09,7.735
13-Feb-09,4.5
14-Feb-09,0.148
15-Feb-09,2.55
16-Feb-09,2
17-Feb-09,1.5
18-Feb-09,1.5
19-Feb-09,2.551
20-Feb-09,-0.5
21-Feb-09,-0.067
22-Feb-09,2.716
23-Feb-09,1.5
24-Feb-09,-0.636
25-Feb-09,-0.88
26-Feb-09,2.597
27-Feb-09,6.661
28-Feb-09,7.5
1-Mar-09,-2.136
2-Mar-09,-5.494
3-Mar-09,-3.889
4-Mar-09,-2.422
5-Mar-09,0.272
6-Mar-09,4.451
7-Mar-09,10.092
8-Mar-09,11.44
9-Mar-09,5.5
10-Mar-09,3.641
11-Mar-09,6.495
12-Mar-09,4.5
13-Mar-09,-0.565
14-Mar-09,4.297
15-Mar-09,9
16-Mar-09,6.067
17-Mar-09,4.796
18-Mar-09,8.037
19-Mar-09,9.137
20-Mar-09,5.613
21-Mar-09,4.5
22-Mar-09,6.73
23-Mar-09,2
24-Mar-09,3.25
25-Mar-09,8.715
26-Mar-09,9.193
27-Mar-09,8.884
28-Mar-09,6.897
29-Mar-09,5.844
30-Mar-09,5.425
31-Mar-09,8.203
1-Apr-09,6.5
2-Apr-09,8.649
3-Apr-09,10.442
4-Apr-09,11.03
5-Apr-09,13.219
6-Apr-09,10.777
7-Apr-09,9.464
8-Apr-09,7.5
9-Apr-09,11.017
10-Apr-09,14.994
11-Apr-09,11
12-Apr-09,6.956
13-Apr-09,9.624
14-Apr-09,13.363
15-Apr-09,13.512
16-Apr-09,13.143
17-Apr-09,17.445
18-Apr-09,16.271
19-Apr-09,13.38
20-Apr-09,11.931
21-Apr-09,10.988
22-Apr-09,12.412
23-Apr-09,14.235
24-Apr-09,17.589
25-Apr-09,20.731
26-Apr-09,25.439
27-Apr-09,18.5
28-Apr-09,25.478
29-Apr-09,23.423
30-Apr-09,17.542
1-May-09,19.818
2-May-09,19.635
3-May-09,17.5
4-May-09,18.987
5-May-09,15.709
6-May-09,13.865
7-May-09,13.719
8-May-09,17.888
9-May-09,20.872
10-May-09,17.863
11-May-09,15.388
12-May-09,17
13-May-09,18.979
14-May-09,17.092
15-May-09,19.978
16-May-09,18.607
17-May-09,17.175
18-May-09,13.706
19-May-09,15.582
20-May-09,20.082
21-May-09,27.402
22-May-09,30.986
23-May-09,22.125
24-May-09,19.938
25-May-09,22.488
26-May-09,17.5
27-May-09,13.009
28-May-09,10.012
29-May-09,11.901
30-May-09,19.164
31-May-09,22.052
1-Jun-09,21
2-Jun-09,22.141
3-Jun-09,22.434
4-Jun-09,21.9
5-Jun-09,19.933
6-Jun-09,19.357
7-Jun-09,22.973
8-Jun-09,23
9-Jun-09,18.43
10-Jun-09,13.605
11-Jun-09,15.409
12-Jun-09,21.508
13-Jun-09,23.477
14-Jun-09,19.998
15-Jun-09,14.865
16-Jun-09,18.61
17-Jun-09,22.905
18-Jun-09,21.21
19-Jun-09,17.57
20-Jun-09,19.513
21-Jun-09,20.788
22-Jun-09,19.007
23-Jun-09,18.855
24-Jun-09,19.383
25-Jun-09,22.513
26-Jun-09,24.907
27-Jun-09,24.723
28-Jun-09,21.838
29-Jun-09,18.005
30-Jun-09,16.5
1-Jul-09,16.969
2-Jul-09,15.954
3-Jul-09,19.383
4-Jul-09,23.256
5-Jul-09,23.993
6-Jul-09,24.375
7-Jul-09,19.262
8-Jul-09,14.304
9-Jul-09,18.899
10-Jul-09,24.231
11-Jul-09,23.722
12-Jul-09,24.442
13-Jul-09,23.661
14-Jul-09,22.001
15-Jul-09,23.512
16-Jul-09,22.5
17-Jul-09,24.337
18-Jul-09,25.579
19-Jul-09,25.005
20-Jul-09,25.85
21-Jul-09,23.409
22-Jul-09,22.967
23-Jul-09,21.942
24-Jul-09,18.995
25-Jul-09,21.792
26-Jul-09,23.093
27-Jul-09,24.98
28-Jul-09,26.919
29-Jul-09,27.379
30-Jul-09,27.907
31-Jul-09,26.486
1-Aug-09,26.002
2-Aug-09,23.481
3-Aug-09,25
4-Aug-09,25.984
5-Aug-09,27.989
6-Aug-09,26.016
7-Aug-09,25
8-Aug-09,24.013
9-Aug-09,23.174
10-Aug-09,27.058
11-Aug-09,26.826
12-Aug-09,24.208
13-Aug-09,22.442
14-Aug-09,25.699
15-Aug-09,29.007
16-Aug-09,30.365
17-Aug-09,31
18-Aug-09,31.496
19-Aug-09,31.5
20-Aug-09,28.5
21-Aug-09,27.063
22-Aug-09,27.5
23-Aug-09,29.134
24-Aug-09,27.964
25-Aug-09,26.004
26-Aug-09,27.01
27-Aug-09,24.5
28-Aug-09,20.964
29-Aug-09,17.264
30-Aug-09,18.873
31-Aug-09,21.5
1-Sep-09,21.596
2-Sep-09,22.51
3-Sep-09,24
4-Sep-09,26
5-Sep-09,25.55
6-Sep-09,21.5
7-Sep-09,19.858
8-Sep-09,23.534
9-Sep-09,23.145
10-Sep-09,19.352
11-Sep-09,17.977
12-Sep-09,19.236
13-Sep-09,23.495
14-Sep-09,23
15-Sep-09,22.013
16-Sep-09,18.62
17-Sep-09,16.993
18-Sep-09,19.38
19-Sep-09,18.5
20-Sep-09,18.494
21-Sep-09,21
22-Sep-09,21.783
23-Sep-09,24.017
24-Sep-09,23.988
25-Sep-09,18.5
26-Sep-09,15
27-Sep-09,15.849
28-Sep-09,20.377
29-Sep-09,20.002
30-Sep-09,17
1-Oct-09,13.528
2-Oct-09,12.931
3-Oct-09,14.446
4-Oct-09,16.135
5-Oct-09,17.999
6-Oct-09,17.5
7-Oct-09,16.522
8-Oct-09,15.572
9-Oct-09,14.012
10-Oct-09,16.5
11-Oct-09,15.488
12-Oct-09,12.509
13-Oct-09,9.5
14-Oct-09,8.656
15-Oct-09,6.815
16-Oct-09,6.632
17-Oct-09,9.053
18-Oct-09,6.5
19-Oct-09,9.525
20-Oct-09,13.612
21-Oct-09,15.49
22-Oct-09,12.494
23-Oct-09,9.084
24-Oct-09,11.048
25-Oct-09,14.832
26-Oct-09,15.359
27-Oct-09,12.195
28-Oct-09,9.532
29-Oct-09,9.507
30-Oct-09,11.365
31-Oct-09,16.082
1-Nov-09,16.864
2-Nov-09,12.502
3-Nov-09,12.151
4-Nov-09,10.757
5-Nov-09,5.925
6-Nov-09,5.896
7-Nov-09,7.964
8-Nov-09,15.084
9-Nov-09,17.988
10-Nov-09,17.83
11-Nov-09,13.49
12-Nov-09,10.905
13-Nov-09,9.939
14-Nov-09,11.381
15-Nov-09,14.458
16-Nov-09,14
17-Nov-09,10.828
18-Nov-09,11.516
19-Nov-09,12.981
20-Nov-09,15.387
21-Nov-09,14.74
22-Nov-09,10.945
23-Nov-09,7.466
24-Nov-09,8.09
25-Nov-09,8.507
26-Nov-09,8.775
27-Nov-09,7.964
28-Nov-09,8.038
29-Nov-09,10.301
30-Nov-09,8.495
1-Dec-09,6.714
2-Dec-09,8.261
3-Dec-09,16.377
4-Dec-09,13.805
5-Dec-09,6.5
6-Dec-09,3.391
7-Dec-09,1.518
8-Dec-09,2.557
9-Dec-09,3.536
10-Dec-09,4.122
11-Dec-09,0.527
12-Dec-09,-2.269
13-Dec-09,1.195
14-Dec-09,4.198
15-Dec-09,4.558
16-Dec-09,2.171
17-Dec-09,-7.06
18-Dec-09,-6.39
19-Dec-09,-3.086
20-Dec-09,-3.376
21-Dec-09,-2.918
22-Dec-09,-1.344
23-Dec-09,-3.449
24-Dec-09,4.03
25-Dec-09,2.006
26-Dec-09,1.408
27-Dec-09,7.994
28-Dec-09,6.5
29-Dec-09,1.057
30-Dec-09,-3.536
31-Dec-09,-3.021
1-Jan-10,-0.805
2-Jan-10,-1.575
3-Jan-10,-0.413
4-Jan-10,1.731
5-Jan-10,1.023
6-Jan-10,1.087
7-Jan-10,1.344
8-Jan-10,-1.501
9-Jan-10,-4.361
10-Jan-10,-4.464
11-Jan-10,-1.445
12-Jan-10,-0.97
13-Jan-10,-2.35
14-Jan-10,-1.559
15-Jan-10,3.486
16-Jan-10,6.437
17-Jan-10,4
18-Jan-10,-0.693
19-Jan-10,-1.692
20-Jan-10,0.017
21-Jan-10,1.49
22-Jan-10,1.419
23-Jan-10,0.963
24-Jan-10,2.484
25-Jan-10,7.669
26-Jan-10,8.67
27-Jan-10,5.99
28-Jan-10,3.563
29-Jan-10,-2.496
30-Jan-10,-6.607
1-Feb-10,-2.353
2-Feb-10,-2.192
3-Feb-10,-1.47
4-Feb-10,-1.549
5-Feb-10,-1.442
6-Feb-10,-2.547
7-Feb-10,-2.794
8-Feb-10,-1.157
9-Feb-10,3.149
10-Feb-10,3.007
11-Feb-10,3.154
12-Feb-10,4.267
13-Feb-10,3.689
14-Feb-10,3.57
15-Feb-10,3.712
16-Feb-10,2.5
17-Feb-10,3.493
18-Feb-10,6.928
19-Feb-10,6.49
20-Feb-10,6.708
21-Feb-10,5.792
22-Feb-10,5.86
23-Feb-10,5.142
24-Feb-10,3.409
25-Feb-10,4.175
26-Feb-10,6
27-Feb-10,5.097
28-Feb-10,4.036
1-Mar-10,5.578
2-Mar-10,7.007
3-Mar-10,5.222
4-Mar-10,3.557
5-Mar-10,6
6-Mar-10,10.164
7-Mar-10,12.941
8-Mar-10,13.01
9-Mar-10,9.974
10-Mar-10,7.889
11-Mar-10,8.022
12-Mar-10,7.627
13-Mar-10,7.943
14-Mar-10,6.419
15-Mar-10,7.466
16-Mar-10,12.514
17-Mar-10,16.324
18-Mar-10,17.002
19-Mar-10,15.605
20-Mar-10,18.49
21-Mar-10,14.921
22-Mar-10,9.154
23-Mar-10,7.734
24-Mar-10,5.425
25-Mar-10,10.092
26-Mar-10,10.821
27-Mar-10,2.474
28-Mar-10,4.299
29-Mar-10,7.502
30-Mar-10,9.004
31-Mar-10,8.958
1-Apr-10,13.789
2-Apr-10,16.372
3-Apr-10,17.524
4-Apr-10,22.248
5-Apr-10,21.575
6-Apr-10,17
7-Apr-10,22.095
8-Apr-10,19.507
9-Apr-10,11.671
10-Apr-10,11.99
11-Apr-10,14.859
12-Apr-10,14.5
13-Apr-10,13
14-Apr-10,16
15-Apr-10,14.988
16-Apr-10,9.984
17-Apr-10,5.289
18-Apr-10,6.911
19-Apr-10,12.12
20-Apr-10,17.614
21-Apr-10,19
22-Apr-10,19.868
23-Apr-10,17.363
24-Apr-10,16.106
25-Apr-10,17.963
26-Apr-10,16.704
27-Apr-10,12.865
28-Apr-10,8.11
29-Apr-10,10.037
30-Apr-10,15.87
1-May-10,22.177
2-May-10,24.455
3-May-10,26.75
4-May-10,26.278
5-May-10,23.969
6-May-10,23.312
7-May-10,21.03
8-May-10,15.374
9-May-10,9.879
10-May-10,10.364
11-May-10,12.185
12-May-10,15
13-May-10,18
14-May-10,18.474
15-May-10,18.5
16-May-10,20.229
17-May-10,21.5
18-May-10,20.529
19-May-10,15.713
20-May-10,20.208
21-May-10,24.722
22-May-10,20.536
23-May-10,20.4
24-May-10,24.098
25-May-10,29.455
26-May-10,31.747
27-May-10,27.354
28-May-10,23.047
29-May-10,23.071
30-May-10,24.257
31-May-10,22.947
1-Jun-10,21.441
2-Jun-10,19.49
3-Jun-10,18.599
4-Jun-10,20.578
5-Jun-10,24.239
6-Jun-10,21.723
7-Jun-10,19.264
8-Jun-10,21.002
9-Jun-10,20.675
10-Jun-10,18.249
11-Jun-10,17.504
12-Jun-10,20.5
13-Jun-10,18.704
14-Jun-10,19.5
15-Jun-10,22.502
16-Jun-10,22.448
17-Jun-10,21
18-Jun-10,25.404
19-Jun-10,29.452
20-Jun-10,28.977
21-Jun-10,29.219
22-Jun-10,27.5
23-Jun-10,26.467
24-Jun-10,26.487
25-Jun-10,27.5
26-Jun-10,25.996
27-Jun-10,23.905
28-Jun-10,25.443
29-Jun-10,26.245
30-Jun-10,24.529
1-Jul-10,21.988
2-Jul-10,23.307
3-Jul-10,26.5
4-Jul-10,29.988
5-Jul-10,31.203
6-Jul-10,33.5
7-Jul-10,31.433
8-Jul-10,28.133
9-Jul-10,27.533
10-Jul-10,26.994
11-Jul-10,26.841
12-Jul-10,26.478
13-Jul-10,27.091
14-Jul-10,25.917
15-Jul-10,26.194
16-Jul-10,26.4
17-Jul-10,28.5
18-Jul-10,30.5
19-Jul-10,28.49
20-Jul-10,26.5
21-Jul-10,26.494
22-Jul-10,27.5
23-Jul-10,26.995
24-Jul-10,25.702
25-Jul-10,27.136
26-Jul-10,27.359
27-Jul-10,28.027
28-Jul-10,30
29-Jul-10,29.993
30-Jul-10,26.556
31-Jul-10,23.088
1-Aug-10,23.645
2-Aug-10,24.498
3-Aug-10,26.002
4-Aug-10,28.827
5-Aug-10,28.606
6-Aug-10,27.913
7-Aug-10,26.066
8-Aug-10,24.988
9-Aug-10,28.708
10-Aug-10,30.046
11-Aug-10,28.598
12-Aug-10,25.443
13-Aug-10,24.31
14-Aug-10,25.45
15-Aug-10,25.168
16-Aug-10,23.456
17-Aug-10,25.546
18-Aug-10,27.513
19-Aug-10,26.826
20-Aug-10,26.5
21-Aug-10,24.139
22-Aug-10,22.811
23-Aug-10,20.995
24-Aug-10,21.464
25-Aug-10,19.98
26-Aug-10,22.242
27-Aug-10,25.474
28-Aug-10,25.752
29-Aug-10,29.5
30-Aug-10,31.496
31-Aug-10,32.044
1-Sep-10,32.596
2-Sep-10,33.139
3-Sep-10,30.942
4-Sep-10,28.188
5-Sep-10,24.493
6-Sep-10,22.595
7-Sep-10,24.566
8-Sep-10,25.04
9-Sep-10,24
10-Sep-10,20.595
11-Sep-10,20.487
12-Sep-10,19.359
13-Sep-10,15.804
14-Sep-10,18.562
15-Sep-10,19.5
16-Sep-10,18.148
17-Sep-10,19
18-Sep-10,18.5
19-Sep-10,19.49
20-Sep-10,19.5
21-Sep-10,19.363
22-Sep-10,22.606
23-Sep-10,21.99
24-Sep-10,19.775
25-Sep-10,24.887
26-Sep-10,21.47
27-Sep-10,15.086
28-Sep-10,17.535
29-Sep-10,22.628
30-Sep-10,22.674
1-Oct-10,21.511
2-Oct-10,19.076
3-Oct-10,15.676
4-Oct-10,15.749
5-Oct-10,16.999
6-Oct-10,16.531
7-Oct-10,14.513
8-Oct-10,17.91
9-Oct-10,16.369
10-Oct-10,14.215
11-Oct-10,16.233
12-Oct-10,15.513
13-Oct-10,15.5
14-Oct-10,15
15-Oct-10,14
16-Oct-10,12.235
17-Oct-10,14.018
18-Oct-10,14.499
19-Oct-10,12.417
20-Oct-10,13.737
21-Oct-10,14
22-Oct-10,10.504
23-Oct-10,9.841
24-Oct-10,8.964
25-Oct-10,10.025
26-Oct-10,14.472
27-Oct-10,18.988
28-Oct-10,19.476
29-Oct-10,16.679
30-Oct-10,11
31-Oct-10,9.801
1-Nov-10,8.82
2-Nov-10,8.5
3-Nov-10,7.84
4-Nov-10,8.551
5-Nov-10,11.631
6-Nov-10,10.777
7-Nov-10,5.877
8-Nov-10,7.895
9-Nov-10,10.305
10-Nov-10,10.054
11-Nov-10,10.138
12-Nov-10,13.417
13-Nov-10,16.499
14-Nov-10,13.886
15-Nov-10,10.469
16-Nov-10,10.564
17-Nov-10,12.752
18-Nov-10,12.624
19-Nov-10,7.537
20-Nov-10,7.498
21-Nov-10,5.52
22-Nov-10,4.379
23-Nov-10,6.646
24-Nov-10,6.148
25-Nov-10,4.141
26-Nov-10,3.208
27-Nov-10,4.106
28-Nov-10,4.735
29-Nov-10,5.498
30-Nov-10,7.012
1-Dec-10,8.037
2-Dec-10,9.543
3-Dec-10,6.49
4-Dec-10,4.664
5-Dec-10,2.464
6-Dec-10,0.018
7-Dec-10,-0.447
8-Dec-10,-0.5
9-Dec-10,-2.279
10-Dec-10,-3.975
11-Dec-10,0.562
12-Dec-10,7.034
13-Dec-10,11.974
14-Dec-10,8.963
15-Dec-10,-1.536
16-Dec-10,-4.271
17-Dec-10,-0.506
18-Dec-10,0.109
19-Dec-10,1
20-Dec-10,0.27
21-Dec-10,2.49
22-Dec-10,3.495
23-Dec-10,2.706
24-Dec-10,2.974
25-Dec-10,1.001
26-Dec-10,-1.989
27-Dec-10,-1.809
28-Dec-10,-1.626
29-Dec-10,0.573
30-Dec-10,3.606
31-Dec-10,6.557
1-Jan-11,10.008
2-Jan-11,8.731
3-Jan-11,4.609
4-Jan-11,-0.012
5-Jan-11,0.512
6-Jan-11,0.003
7-Jan-11,-2.012
8-Jan-11,-1.838
9-Jan-11,1.459
10-Jan-11,1.464
11-Jan-11,-0.376
12-Jan-11,-1.071
13-Jan-11,-0.5
14-Jan-11,-1.5
15-Jan-11,-3.746
16-Jan-11,-2.281
17-Jan-11,-4.032
18-Jan-11,-5.316
19-Jan-11,2.154
20-Jan-11,0.932
21-Jan-11,-2.621
22-Jan-11,-4.36
23-Jan-11,-5.163
24-Jan-11,-9.076
25-Jan-11,-11.394
26-Jan-11,-7.338
27-Jan-11,-2.212
28-Jan-11,1.036
29-Jan-11,1.098
30-Jan-11,-0.006
31-Jan-11,-3.123
1-Feb-11,-7
2-Feb-11,-8.258
3-Feb-11,-6.143
4-Feb-11,-1.39
5-Feb-11,1.058
6-Feb-11,3.045
7-Feb-11,3.792
8-Feb-11,3.981
9-Feb-11,0.201
10-Feb-11,-3
11-Feb-11,-3
12-Feb-11,-1
13-Feb-11,0.499
14-Feb-11,4.168
15-Feb-11,4.084
16-Feb-11,-2.746
17-Feb-11,5.335
18-Feb-11,10.988
19-Feb-11,9.636
20-Feb-11,0.654
21-Feb-11,-1.484
22-Feb-11,-1.489
23-Feb-11,2.169
24-Feb-11,3.002
25-Feb-11,2.99
26-Feb-11,-0.012
27-Feb-11,-3.005
28-Feb-11,-0.845
1-Mar-11,1.941
2-Mar-11,3.531
3-Mar-11,0.81
4-Mar-11,-2.209
5-Mar-11,4.633
6-Mar-11,7
7-Mar-11,7.028
8-Mar-11,3.62
9-Mar-11,2.5
10-Mar-11,2.233
11-Mar-11,5.473
12-Mar-11,7.51
13-Mar-11,7.536
14-Mar-11,6.309
15-Mar-11,4
16-Mar-11,4.945
17-Mar-11,7.589
18-Mar-11,15.82
19-Mar-11,13.166
20-Mar-11,5.726
21-Mar-11,4.994
22-Mar-11,3.558
23-Mar-11,3.844
24-Mar-11,3.728
25-Mar-11,4.5
26-Mar-11,3.549
27-Mar-11,3.02
28-Mar-11,4.194
29-Mar-11,5.958
30-Mar-11,8.441
31-Mar-11,8.5
1-Apr-11,5.457
2-Apr-11,4.781
3-Apr-11,9.381
4-Apr-11,8.003
5-Apr-11,6.667
6-Apr-11,7.821
7-Apr-11,8.807
8-Apr-11,10
9-Apr-11,12.049
10-Apr-11,14.325
11-Apr-11,16.418
12-Apr-11,16.002
13-Apr-11,14.014
14-Apr-11,11.18
15-Apr-11,12.814
16-Apr-11,7.556
17-Apr-11,12.131
18-Apr-11,14.111
19-Apr-11,12
20-Apr-11,10.161
21-Apr-11,8.26
22-Apr-11,11.477
23-Apr-11,9.61
24-Apr-11,12.24
25-Apr-11,15.674
26-Apr-11,12.652
27-Apr-11,13.91
28-Apr-11,19.254
29-Apr-11,20.368
30-Apr-11,19.263
1-May-11,16.807
2-May-11,16.259
3-May-11,16.432
4-May-11,14.097
5-May-11,11.464
6-May-11,15.493
7-May-11,18.967
8-May-11,18.569
9-May-11,18.316
10-May-11,16.184
11-May-11,15.49
12-May-11,18.5
13-May-11,18.908
14-May-11,16.676
15-May-11,12.542
16-May-11,10.463
17-May-11,9.61
18-May-11,11
19-May-11,13.495
20-May-11,14.493
21-May-11,17.46
22-May-11,15.725
23-May-11,10.598
24-May-11,18.364
25-May-11,22.822
26-May-11,21.859
27-May-11,23.001
28-May-11,22.479
29-May-11,20.423
30-May-11,27.129
31-May-11,27.327
1-Jun-11,25.589
2-Jun-11,23.432
3-Jun-11,20.004
4-Jun-11,18
5-Jun-11,19.306
6-Jun-11,22.451
7-Jun-11,24.732
8-Jun-11,26.079
9-Jun-11,29.973
10-Jun-11,28.405
11-Jun-11,21.085
12-Jun-11,14.468
13-Jun-11,14.224
14-Jun-11,14.995
15-Jun-11,18.454
16-Jun-11,24.99
17-Jun-11,26.681
18-Jun-11,25.25
19-Jun-11,24.994
20-Jun-11,24.5
21-Jun-11,26.5
22-Jun-11,25.229
23-Jun-11,21.187
24-Jun-11,14.807
25-Jun-11,14.084
26-Jun-11,18
27-Jun-11,25
28-Jun-11,26.953
29-Jun-11,25.38
30-Jun-11,24.421
1-Jul-11,24.098
2-Jul-11,24.5
3-Jul-11,24.372
4-Jul-11,24.5
5-Jul-11,29.49
6-Jul-11,30.919
7-Jul-11,29.293
8-Jul-11,25.752
9-Jul-11,25.203
10-Jul-11,26.993
11-Jul-11,29.5
12-Jul-11,30.442
13-Jul-11,30.355
14-Jul-11,26.51
15-Jul-11,26
16-Jul-11,28.315
17-Jul-11,31.381
18-Jul-11,30.343
19-Jul-11,28.5
20-Jul-11,29.326
21-Jul-11,31.5
22-Jul-11,34.536
23-Jul-11,35.769
24-Jul-11,31.254
25-Jul-11,26.459
26-Jul-11,24.1
27-Jul-11,24.934
28-Jul-11,25.5
29-Jul-11,25.152
30-Jul-11,26.771
31-Jul-11,28.386
1-Aug-11,27.973
2-Aug-11,27.783
3-Aug-11,25.5
4-Aug-11,23.865
5-Aug-11,23.5
6-Aug-11,25.894
7-Aug-11,25.831
8-Aug-11,24.964
9-Aug-11,26.552
10-Aug-11,24.368
11-Aug-11,21.466
12-Aug-11,25
13-Aug-11,26.086
14-Aug-11,26.368
15-Aug-11,22.867
16-Aug-11,20.359
17-Aug-11,23.297
18-Aug-11,27.5
19-Aug-11,27.951
20-Aug-11,27.896
21-Aug-11,27.547
22-Aug-11,25.895
23-Aug-11,23.618
24-Aug-11,23.731
25-Aug-11,24.488
26-Aug-11,25.765
27-Aug-11,27.5
28-Aug-11,24.954
29-Aug-11,23.876
30-Aug-11,24.5
31-Aug-11,26
1-Sep-11,24.5
2-Sep-11,22.969
3-Sep-11,23.49
4-Sep-11,25.737
5-Sep-11,26.901
6-Sep-11,24.5
7-Sep-11,18.98
8-Sep-11,18.415
9-Sep-11,23
10-Sep-11,23.308
11-Sep-11,20.759
12-Sep-11,23.209
13-Sep-11,26.288
14-Sep-11,26.455
15-Sep-11,23.93
16-Sep-11,18.012
17-Sep-11,16.5
18-Sep-11,18.017
19-Sep-11,18.517
20-Sep-11,18.721
21-Sep-11,19.572
22-Sep-11,21.053
23-Sep-11,21.013
24-Sep-11,23.064
25-Sep-11,24.983
26-Sep-11,27
27-Sep-11,25.29
28-Sep-11,22.47
29-Sep-11,19.033
30-Sep-11,19.414
1-Oct-11,19.77
2-Oct-11,16.481
3-Oct-11,15.978
4-Oct-11,16.453
5-Oct-11,15.161
6-Oct-11,14.308
7-Oct-11,13.394
8-Oct-11,20.523
9-Oct-11,27.438
10-Oct-11,27.135
11-Oct-11,22.594
12-Oct-11,16.5
13-Oct-11,15.037
14-Oct-11,15.966
15-Oct-11,17.29
16-Oct-11,16.841
17-Oct-11,16.391
18-Oct-11,16.534
19-Oct-11,14.746
20-Oct-11,14.54
21-Oct-11,16.505
22-Oct-11,15.044
23-Oct-11,13.994
24-Oct-11,13.148
25-Oct-11,13.677
26-Oct-11,12.838
27-Oct-11,9.505
28-Oct-11,6.626
29-Oct-11,6.895
30-Oct-11,5.646
31-Oct-11,7.751
1-Nov-11,10.558
2-Nov-11,11.327
3-Nov-11,13.493
4-Nov-11,12.516
5-Nov-11,9.299
6-Nov-11,11.41
7-Nov-11,14.344
8-Nov-11,16.493
9-Nov-11,17.945
10-Nov-11,15.911
11-Nov-11,13.5
12-Nov-11,9.477
13-Nov-11,10.709
14-Nov-11,14.993
15-Nov-11,16.96
16-Nov-11,15.479
17-Nov-11,12.545
18-Nov-11,7.501
19-Nov-11,8.272
20-Nov-11,12.467
21-Nov-11,12.968
22-Nov-11,6.011
23-Nov-11,4.364
24-Nov-11,1.775
25-Nov-11,6.365
26-Nov-11,11.223
27-Nov-11,11.18
28-Nov-11,12.212
29-Nov-11,14.148
30-Nov-11,14.865
1-Dec-11,11.536
2-Dec-11,7.853
3-Dec-11,6.139
4-Dec-11,6.833
5-Dec-11,10.219
6-Dec-11,12.507
7-Dec-11,10.494
8-Dec-11,5.169
9-Dec-11,6.058
10-Dec-11,6.641
11-Dec-11,4.079
12-Dec-11,4.826
13-Dec-11,8
14-Dec-11,5.722
15-Dec-11,6.695
16-Dec-11,9.239
17-Dec-11,5.613
18-Dec-11,-1.517
19-Dec-11,-0.999
20-Dec-11,3.739
21-Dec-11,1.487
22-Dec-11,6.885
23-Dec-11,6.482
24-Dec-11,-0.468
25-Dec-11,-4.456
26-Dec-11,-0.882
27-Dec-11,5.057
28-Dec-11,10.993
29-Dec-11,4.474
30-Dec-11,-1.769
31-Dec-11,-0.409
1-Jan-12,4.683
2-Jan-12,8
3-Jan-12,2.963
4-Jan-12,-4.484
5-Jan-12,-2.014
6-Jan-12,-0.539
7-Jan-12,0.362
8-Jan-12,3.592
9-Jan-12,2.02
10-Jan-12,2.908
11-Jan-12,2.499
12-Jan-12,-0.441
13-Jan-12,0.24
14-Jan-12,1.634
15-Jan-12,-6.043
16-Jan-12,-7.29
17-Jan-12,0.71
18-Jan-12,4.738
19-Jan-12,0.064
20-Jan-12,-1.769
21-Jan-12,-5.488
22-Jan-12,-7.528
23-Jan-12,1.682
24-Jan-12,8.575
25-Jan-12,7.968
26-Jan-12,3.582
27-Jan-12,2.641
28-Jan-12,3.791
29-Jan-12,4.654
30-Jan-12,2.85
31-Jan-12,-1.161
1-Feb-12,-0.983
2-Feb-12,1.023
3-Feb-12,-0.414
4-Feb-12,0.49
5-Feb-12,0.511
6-Feb-12,3.603
7-Feb-12,7.048
8-Feb-12,3.536
9-Feb-12,3.545
10-Feb-12,6.532
11-Feb-12,5.506
12-Feb-12,-1.532
13-Feb-12,-2.864
14-Feb-12,2.43
15-Feb-12,4.632
16-Feb-12,6.896
17-Feb-12,8.409
18-Feb-12,6.5
19-Feb-12,5.443
20-Feb-12,3.919
21-Feb-12,3.023
22-Feb-12,6.009
23-Feb-12,8.981
24-Feb-12,6.017
25-Feb-12,4.126
26-Feb-12,2.938
27-Feb-12,2.337
1-Mar-12,0.436
2-Mar-12,-2.685
3-Mar-12,1.787
4-Mar-12,4.488
5-Mar-12,2.928
6-Mar-12,0.668
7-Mar-12,6.467
8-Mar-12,13.887
9-Mar-12,14.939
10-Mar-12,4.705
11-Mar-12,6.864
12-Mar-12,13.893
13-Mar-12,16.909
14-Mar-12,11.788
15-Mar-12,4.466
16-Mar-12,5.247
17-Mar-12,8.618
18-Mar-12,16.695
19-Mar-12,20.88
20-Mar-12,20.407
21-Mar-12,24.098
22-Mar-12,27.419
23-Mar-12,23.888
24-Mar-12,16.028
25-Mar-12,9.589
26-Mar-12,5.521
27-Mar-12,5.518
28-Mar-12,5.977
29-Mar-12,4.918
30-Mar-12,5.044
31-Mar-12,7
1-Apr-12,9.101
2-Apr-12,10.608
3-Apr-12,11.747
4-Apr-12,13.409
5-Apr-12,11.501
6-Apr-12,9.5
7-Apr-12,10.114
8-Apr-12,9.077
9-Apr-12,9.539
10-Apr-12,12.118
11-Apr-12,13.5
12-Apr-12,14.186
13-Apr-12,14.5
14-Apr-12,18.238
15-Apr-12,20.919
16-Apr-12,22.833
17-Apr-12,26.401
18-Apr-12,22.008
19-Apr-12,14.809
20-Apr-12,17.56
21-Apr-12,20.055
22-Apr-12,15.833
23-Apr-12,10.889
24-Apr-12,12.499
25-Apr-12,13.882
26-Apr-12,14.006
27-Apr-12,13.094
28-Apr-12,11.025
29-Apr-12,11.293
30-Apr-12,12.5
1-May-12,11.664
2-May-12,8.207
3-May-12,9.677
4-May-12,10
5-May-12,13.001
6-May-12,17.721
7-May-12,17.88
8-May-12,15.698
9-May-12,12.502
10-May-12,16.498
11-May-12,16.546
12-May-12,19.73
13-May-12,23.251
14-May-12,20.821
15-May-12,18.013
16-May-12,19.713
17-May-12,18.955
18-May-12,19
19-May-12,21.422
20-May-12,24.844
21-May-12,24.299
22-May-12,22.228
23-May-12,22
24-May-12,21.774
25-May-12,18.136
26-May-12,23.171
27-May-12,25.834
28-May-12,22.515
29-May-12,19.566
30-May-12,18.097
31-May-12,23.5
1-Jun-12,23.769
2-Jun-12,18.122
3-Jun-12,12.925
4-Jun-12,12
5-Jun-12,13.703
6-Jun-12,16.01
7-Jun-12,16.977
8-Jun-12,17.215
9-Jun-12,22.002
10-Jun-12,24.5
11-Jun-12,23.147
12-Jun-12,20.828
13-Jun-12,19.61
14-Jun-12,20.301
15-Jun-12,23.98
16-Jun-12,22.289
17-Jun-12,19.406
18-Jun-12,19.176
19-Jun-12,19.965
20-Jun-12,27.656
21-Jun-12,31.994
22-Jun-12,29.606
23-Jun-12,27.874
24-Jun-12,26.774
25-Jun-12,25.505
26-Jun-12,21.494
27-Jun-12,20.541
28-Jun-12,23.59
29-Jun-12,26.207
30-Jun-12,29.419
1-Jul-12,30.451
2-Jul-12,28.963
3-Jul-12,27
4-Jul-12,26.016
5-Jul-12,27
6-Jul-12,27.044
7-Jul-12,28.868
8-Jul-12,28.534
9-Jul-12,26.988
10-Jul-12,26.002
11-Jul-12,27.95
12-Jul-12,28.183
13-Jul-12,30.408
14-Jul-12,31.788
15-Jul-12,29.544
16-Jul-12,29.278
17-Jul-12,29.413
18-Jul-12,29.354
19-Jul-12,27.444
20-Jul-12,24.778
21-Jul-12,26.354
22-Jul-12,27.494
23-Jul-12,27.838
24-Jul-12,28.111
25-Jul-12,27.5
26-Jul-12,24.493
27-Jul-12,23.387
28-Jul-12,25.027
29-Jul-12,23.96
30-Jul-12,23.888
31-Jul-12,25.896
1-Aug-12,25.685
2-Aug-12,26.188
3-Aug-12,29.22
4-Aug-12,29.918
5-Aug-12,28.86
6-Aug-12,28
7-Aug-12,27
8-Aug-12,27.517
9-Aug-12,28.566
10-Aug-12,26.069
11-Aug-12,25
12-Aug-12,24.993
13-Aug-12,26.001
14-Aug-12,28.484
15-Aug-12,27.5
16-Aug-12,25.224
17-Aug-12,23.425
18-Aug-12,25.469
19-Aug-12,24.5
20-Aug-12,24.5
21-Aug-12,25.261
22-Aug-12,25.5
23-Aug-12,27
24-Aug-12,27.505
25-Aug-12,26.658
26-Aug-12,25.973
27-Aug-12,26.582
28-Aug-12,27.791
29-Aug-12,26.019
30-Aug-12,25
31-Aug-12,26.372
1-Sep-12,24.946
2-Sep-12,22.093
3-Sep-12,19.941
4-Sep-12,21.495
5-Sep-12,21.677
6-Sep-12,23.347
7-Sep-12,25.582
8-Sep-12,26.1
9-Sep-12,23.477
10-Sep-12,20
11-Sep-12,19.964
12-Sep-12,21.984
13-Sep-12,24.5
14-Sep-12,25.236
15-Sep-12,24.535
16-Sep-12,20.781
17-Sep-12,19
18-Sep-12,20.99
19-Sep-12,20.5
20-Sep-12,18.99
21-Sep-12,16.993
22-Sep-12,17.668
23-Sep-12,20.5
24-Sep-12,18.963
25-Sep-12,18.572
26-Sep-12,19.5
27-Sep-12,18.5
28-Sep-12,15.482
29-Sep-12,12.531
30-Sep-12,13.17
1-Oct-12,16.159
2-Oct-12,19.863
3-Oct-12,19.73
4-Oct-12,16.456
5-Oct-12,17.579
6-Oct-12,21.329
7-Oct-12,18.848
8-Oct-12,13.5
9-Oct-12,13.331
10-Oct-12,13.867
11-Oct-12,14.061
12-Oct-12,12.337
13-Oct-12,10.884
14-Oct-12,10.893
15-Oct-12,15.471
16-Oct-12,17.516
17-Oct-12,14.566
18-Oct-12,15.419
19-Oct-12,17.031
20-Oct-12,17.864
21-Oct-12,17.95
22-Oct-12,16.097
23-Oct-12,15.964
24-Oct-12,15.5
25-Oct-12,14.342
26-Oct-12,14.993
27-Oct-12,16.925
28-Oct-12,14.814
29-Oct-12,12.739
30-Oct-12,16.633
31-Oct-12,17
1-Nov-12,15.002
2-Nov-12,12.581
3-Nov-12,11.895
4-Nov-12,10.891
5-Nov-12,7.816
6-Nov-12,4.507
7-Nov-12,3.499
8-Nov-12,2.969
9-Nov-12,6.177
10-Nov-12,9.994
11-Nov-12,10.576
12-Nov-12,13.781
13-Nov-12,15.8
14-Nov-12,11.031
15-Nov-12,6.837
16-Nov-12,6.013
17-Nov-12,6.5
18-Nov-12,7.15
19-Nov-12,7.033
20-Nov-12,8.5
21-Nov-12,8.849
22-Nov-12,9.033
23-Nov-12,11
24-Nov-12,10.083
25-Nov-12,5.653
26-Nov-12,3.996
27-Nov-12,3.575
28-Nov-12,0.49
29-Nov-12,1.792
30-Nov-12,2.269
1-Dec-12,-3.241
2-Dec-12,2.571
3-Dec-12,9.833
4-Dec-12,10.506
5-Dec-12,12.104
6-Dec-12,7.949
7-Dec-12,4.118
8-Dec-12,4.5
9-Dec-12,4.995
10-Dec-12,5.831
11-Dec-12,4.89
12-Dec-12,4.005
13-Dec-12,3.654
14-Dec-12,5.562
15-Dec-12,5.411
16-Dec-12,-2.382
17-Dec-12,-2.943
18-Dec-12,5.191
19-Dec-12,5.206
20-Dec-12,3.769
21-Dec-12,6.86
22-Dec-12,8.395
23-Dec-12,3.986
24-Dec-12,2.098
25-Dec-12,0.949
26-Dec-12,-1.325
27-Dec-12,0.644
28-Dec-12,0.639
29-Dec-12,-0.624
30-Dec-12,-2.567
1-Jan-13,0.474
2-Jan-13,-2.509
3-Jan-13,-5.442
4-Jan-13,-2.652
5-Jan-13,1.498
6-Jan-13,1.558
7-Jan-13,0.064
8-Jan-13,2.66
9-Jan-13,4.565
10-Jan-13,5.12
11-Jan-13,4.355
12-Jan-13,3.848
13-Jan-13,5.929
14-Jan-13,10.32
15-Jan-13,8.869
16-Jan-13,1.593
17-Jan-13,1.553
18-Jan-13,-1.68
19-Jan-13,-0.014
20-Jan-13,6.308
21-Jan-13,3.108
22-Jan-13,-4.41
23-Jan-13,-9.388
24-Jan-13,-12.152
25-Jan-13,-8.844
26-Jan-13,-6.298
27-Jan-13,-4.819
28-Jan-13,-3.436
29-Jan-13,-1.478
30-Jan-13,6.421
31-Jan-13,12.493
1-Feb-13,6.155
2-Feb-13,-1.754
3-Feb-13,-3
4-Feb-13,-1.813
5-Feb-13,-2.836
6-Feb-13,-0.413
7-Feb-13,-0.796
8-Feb-13,-6.955
9-Feb-13,-7.994
10-Feb-13,-3.257
11-Feb-13,2.324
12-Feb-13,4.292
13-Feb-13,6.293
14-Feb-13,5.999
15-Feb-13,6.052
16-Feb-13,5.609
17-Feb-13,0.013
18-Feb-13,-3.078
19-Feb-13,1.825
20-Feb-13,5.729
21-Feb-13,1.007
22-Feb-13,1.345
23-Feb-13,3.5
24-Feb-13,1.504
25-Feb-13,1.857
26-Feb-13,4.5
27-Feb-13,4.495
28-Feb-13,3.672
1-Mar-13,3.453
2-Mar-13,3.449
3-Mar-13,5.026
4-Mar-13,3.865
5-Mar-13,4.022
6-Mar-13,5.132
7-Mar-13,3.017
8-Mar-13,4.675
9-Mar-13,7.5
10-Mar-13,7.501
11-Mar-13,6.162
12-Mar-13,8.436
13-Mar-13,9.056
14-Mar-13,7.324
15-Mar-13,4.012
16-Mar-13,2.525
17-Mar-13,1.787
18-Mar-13,1.141
19-Mar-13,0.995
20-Mar-13,0.845
21-Mar-13,2.89
22-Mar-13,4.391
23-Mar-13,4.488
24-Mar-13,6.175
25-Mar-13,7.411
26-Mar-13,8.039
27-Mar-13,9.49
28-Mar-13,9
29-Mar-13,10.949
30-Mar-13,12.626
31-Mar-13,11.365
1-Apr-13,11.5
2-Apr-13,8.796
3-Apr-13,5.058
4-Apr-13,8.279
5-Apr-13,11.5
6-Apr-13,9.544
7-Apr-13,6.488
8-Apr-13,11.591
9-Apr-13,12.977
10-Apr-13,10.599
11-Apr-13,12.046
12-Apr-13,7.63
13-Apr-13,5.261
14-Apr-13,8.643
15-Apr-13,11.12
16-Apr-13,12.708
17-Apr-13,14.29
18-Apr-13,13.456
19-Apr-13,14.908
20-Apr-13,17.533
21-Apr-13,12.002
22-Apr-13,10
23-Apr-13,8.61
24-Apr-13,11.132
25-Apr-13,17.855
26-Apr-13,15.494
27-Apr-13,14.81
28-Apr-13,16.37
29-Apr-13,17.502
30-Apr-13,18.064
1-May-13,19.234
2-May-13,19.401
3-May-13,18.088
4-May-13,16.352
5-May-13,16.179
6-May-13,15.958
7-May-13,19.136
8-May-13,21.831
9-May-13,19.546
10-May-13,18.3
11-May-13,19.869
12-May-13,18.514
13-May-13,16.798
14-May-13,14.425
15-May-13,15
16-May-13,21.097
17-May-13,22.257
18-May-13,17
19-May-13,16.843
20-May-13,19
21-May-13,17.931
22-May-13,12.921
23-May-13,15.205
24-May-13,18
25-May-13,15.713
26-May-13,11.914
27-May-13,16.076
28-May-13,20.396
29-May-13,18.21
30-May-13,22.761
31-May-13,31.001
1-Jun-13,32.441
2-Jun-13,30.105
3-Jun-13,26.259
4-Jun-13,21.524
5-Jun-13,19.5
6-Jun-13,20.792
7-Jun-13,18.451
8-Jun-13,18.046
9-Jun-13,22.001
10-Jun-13,21.622
11-Jun-13,17.455
12-Jun-13,15.363
13-Jun-13,18.119
14-Jun-13,22.239
15-Jun-13,23.519
16-Jun-13,24.394
17-Jun-13,25.418
18-Jun-13,23.613
19-Jun-13,20.557
20-Jun-13,23.451
21-Jun-13,24.967
22-Jun-13,26.949
23-Jun-13,26.722
24-Jun-13,29.001
25-Jun-13,32
26-Jun-13,28.604
27-Jun-13,21.632
28-Jun-13,19.035
29-Jun-13,21.06
30-Jun-13,25.941
1-Jul-13,26.264
2-Jul-13,22.287
3-Jul-13,21.167
4-Jul-13,28.674
5-Jul-13,32.013
6-Jul-13,31.57
7-Jul-13,30.99
8-Jul-13,27.717
9-Jul-13,23
10-Jul-13,21.077
11-Jul-13,23.25
12-Jul-13,26.004
13-Jul-13,26.405
14-Jul-13,28.394
15-Jul-13,31.5
16-Jul-13,32.5
17-Jul-13,31.061
18-Jul-13,29.81
19-Jul-13,31.517
20-Jul-13,32.512
21-Jul-13,28.094
22-Jul-13,23.774
23-Jul-13,21.999
24-Jul-13,24.851
25-Jul-13,24.939
26-Jul-13,22
27-Jul-13,24.5
28-Jul-13,25.261
29-Jul-13,22.809
30-Jul-13,25.888
31-Jul-13,26.31
1-Aug-13,25.838
2-Aug-13,25.5
3-Aug-13,25.075
4-Aug-13,25
5-Aug-13,24.122
6-Aug-13,23.796
7-Aug-13,24.494
8-Aug-13,24.38
9-Aug-13,23.517
10-Aug-13,24
11-Aug-13,25.5
12-Aug-13,25.5
13-Aug-13,24.963
14-Aug-13,23.5
15-Aug-13,24.359
16-Aug-13,24
17-Aug-13,25.182
18-Aug-13,25.249
19-Aug-13,26.459
20-Aug-13,28.002
21-Aug-13,29.439
22-Aug-13,30.391
23-Aug-13,28.477
24-Aug-13,25.5
25-Aug-13,25
26-Aug-13,26.5
27-Aug-13,27
28-Aug-13,27.34
29-Aug-13,24.388
30-Aug-13,22.527
31-Aug-13,27.165
1-Sep-13,27.993
2-Sep-13,25.516
3-Sep-13,22.455
4-Sep-13,25.647
5-Sep-13,23.168
6-Sep-13,19.486
7-Sep-13,21.983
8-Sep-13,21.981
9-Sep-13,19.5
10-Sep-13,19
11-Sep-13,25.592
12-Sep-13,28.493
13-Sep-13,22.793
14-Sep-13,20.891
15-Sep-13,20
16-Sep-13,19.5
17-Sep-13,18.029
18-Sep-13,19.489
19-Sep-13,22
20-Sep-13,23.5
21-Sep-13,21.875
22-Sep-13,20.5
23-Sep-13,18.495
24-Sep-13,14.93
25-Sep-13,15.008
26-Sep-13,17.353
27-Sep-13,19.52
28-Sep-13,21.042
29-Sep-13,20.195
30-Sep-13,18.146
1-Oct-13,21.318
2-Oct-13,24.516
3-Oct-13,24.529
4-Oct-13,22.787
5-Oct-13,18.758
6-Oct-13,14.944
7-Oct-13,15.608
8-Oct-13,18.468
9-Oct-13,16.335
10-Oct-13,16.963
11-Oct-13,18.447
12-Oct-13,16.523
13-Oct-13,14.328
14-Oct-13,15
15-Oct-13,17.5
16-Oct-13,16.713
17-Oct-13,18.634
18-Oct-13,20.602
19-Oct-13,18.451
20-Oct-13,17.27
21-Oct-13,16.556
22-Oct-13,16.274
23-Oct-13,13.89
24-Oct-13,11.495
25-Oct-13,10.13
26-Oct-13,9.787
27-Oct-13,11.551
28-Oct-13,12.787
29-Oct-13,10.122
30-Oct-13,9.042
31-Oct-13,11.59
1-Nov-13,17.12
2-Nov-13,18.5
3-Nov-13,12.023
4-Nov-13,5.821
5-Nov-13,6.51
6-Nov-13,10.118
7-Nov-13,13.745
8-Nov-13,10.983
9-Nov-13,7.494
10-Nov-13,6.731
11-Nov-13,7.092
12-Nov-13,7.234
13-Nov-13,2.08
14-Nov-13,4.981
15-Nov-13,10.054
16-Nov-13,11.488
17-Nov-13,11.5
18-Nov-13,15.019
19-Nov-13,12.559
20-Nov-13,4.114
21-Nov-13,6.006
22-Nov-13,5.963
23-Nov-13,4.533
24-Nov-13,0.577
25-Nov-13,-2.859
26-Nov-13,0.051
27-Nov-13,11.426
28-Nov-13,9.372
29-Nov-13,-1.386
30-Nov-13,-2.062
1-Dec-13,0.224
2-Dec-13,2.064
3-Dec-13,4.546
4-Dec-13,5.451
5-Dec-13,4.308
6-Dec-13,6.259
7-Dec-13,4.995
8-Dec-13,0.313
9-Dec-13,-0.731
10-Dec-13,0.323
11-Dec-13,-0.232
12-Dec-13,-4.023
13-Dec-13,-5.796
14-Dec-13,-7.535
15-Dec-13,-8.117
16-Dec-13,-5.749
17-Dec-13,-7.548
18-Dec-13,-4.197
19-Dec-13,0.034
20-Dec-13,2.97
21-Dec-13,3.558
22-Dec-13,2
23-Dec-13,0.003
24-Dec-13,0.493
25-Dec-13,-4.612
26-Dec-13,-5.602
27-Dec-13,-2.029
28-Dec-13,1.127
29-Dec-13,1.77
30-Dec-13,1.033
31-Dec-13,-5.849
1-Jan-14,-8.202
2-Jan-14,-9.077
3-Jan-14,-14.513
4-Jan-14,-9.863
5-Jan-14,-3.688
6-Jan-14,7.18
7-Jan-14,4.97
8-Jan-14,-7.27
9-Jan-14,-4.891
10-Jan-14,-2.394
11-Jan-14,6.11
12-Jan-14,10.023
13-Jan-14,8.233
14-Jan-14,7.5
15-Jan-14,7
16-Jan-14,4.98
17-Jan-14,3.568
18-Jan-14,3.428
19-Jan-14,0.953
20-Jan-14,1.684
21-Jan-14,-3.563
22-Jan-14,-9.994
23-Jan-14,-7.945
24-Jan-14,-7.673
25-Jan-14,-3.343
26-Jan-14,-1.556
27-Jan-14,-0.76
28-Jan-14,-1.437
29-Jan-14,-6.073
30-Jan-14,-3.991
31-Jan-14,0.592
1-Feb-14,3.13
2-Feb-14,5
3-Feb-14,3.5
4-Feb-14,0.371
5-Feb-14,-1.572
6-Feb-14,-3.942
7-Feb-14,-3.137
8-Feb-14,-2.006
9-Feb-14,-2.549
10-Feb-14,-3.475
11-Feb-14,-4.075
12-Feb-14,-3.269
13-Feb-14,-1.036
14-Feb-14,0.458
15-Feb-14,0.925
16-Feb-14,-0.197
17-Feb-14,-3.346
18-Feb-14,-3.461
19-Feb-14,-0.864
20-Feb-14,4.168
21-Feb-14,5.517
22-Feb-14,5.61
23-Feb-14,7.995
24-Feb-14,5.17
25-Feb-14,-1.945
26-Feb-14,-3.423
27-Feb-14,-3.492
28-Feb-14,-4.488
1-Mar-14,-3.382
2-Mar-14,-0.359
3-Mar-14,-2.368
4-Mar-14,-4
5-Mar-14,-4.23
6-Mar-14,-3.382
7-Mar-14,0.502
8-Mar-14,5.045
9-Mar-14,5.267
10-Mar-14,2.168
11-Mar-14,5.51
12-Mar-14,5.988
13-Mar-14,-0.122
14-Mar-14,-2.62
15-Mar-14,5.21
16-Mar-14,5.698
17-Mar-14,-3.876
18-Mar-14,-0.882
19-Mar-14,2.708
20-Mar-14,4.952
21-Mar-14,5.995
22-Mar-14,3.8
23-Mar-14,3.13
24-Mar-14,-0.498
25-Mar-14,-0.422
26-Mar-14,0.833
27-Mar-14,1.831
28-Mar-14,5.523
29-Mar-14,8.324
30-Mar-14,6.852
1-Apr-14,7.023
2-Apr-14,8.65
3-Apr-14,8.177
4-Apr-14,8.463
5-Apr-14,8.405
6-Apr-14,10.356
7-Apr-14,12.041
8-Apr-14,12.365
9-Apr-14,11.5
10-Apr-14,10.987
11-Apr-14,16.373
12-Apr-14,19.007
13-Apr-14,13.796
14-Apr-14,13.599
15-Apr-14,17.441
16-Apr-14,10.666
17-Apr-14,5.547
18-Apr-14,6.819
19-Apr-14,11.043
20-Apr-14,12.494
21-Apr-14,12.795
22-Apr-14,16.811
23-Apr-14,16.813
24-Apr-14,12.595
25-Apr-14,13.779
26-Apr-14,12.664
27-Apr-14,9.976
28-Apr-14,11.586
29-Apr-14,11.512
30-Apr-14,9.204
1-May-14,9.625
2-May-14,16.797
3-May-14,18.556
4-May-14,17.132
5-May-14,15.632
6-May-14,16.333
7-May-14,16.852
8-May-14,19.683
9-May-14,17.376
10-May-14,17.893
11-May-14,23
12-May-14,25.515
13-May-14,19.803
14-May-14,13.872
15-May-14,18
16-May-14,20.014
17-May-14,19.688
18-May-14,19.5
19-May-14,18.3
20-May-14,18.604
21-May-14,20
22-May-14,18.738
23-May-14,15.46
24-May-14,15.503
25-May-14,17.96
26-May-14,21.5
27-May-14,19.993
28-May-14,12.815
29-May-14,15.094
30-May-14,18.575
31-May-14,18.75
1-Jun-14,20.208
2-Jun-14,23.744
3-Jun-14,23.732
4-Jun-14,17.952
5-Jun-14,14.567
6-Jun-14,20.336
7-Jun-14,26.184
8-Jun-14,28.039
9-Jun-14,29.477
10-Jun-14,26.44
11-Jun-14,22.5
12-Jun-14,20.552
13-Jun-14,16.094
14-Jun-14,18.606
15-Jun-14,23.5
16-Jun-14,24.5
17-Jun-14,25.387
18-Jun-14,26.942
19-Jun-14,26.591
20-Jun-14,23.905
21-Jun-14,21.527
22-Jun-14,22.593
23-Jun-14,23.49
24-Jun-14,23.747
25-Jun-14,25.098
26-Jun-14,22.5
27-Jun-14,23.404
28-Jun-14,28
29-Jun-14,29.005
30-Jun-14,28.919
1-Jul-14,29.117
2-Jul-14,29.644
3-Jul-14,28.466
4-Jul-14,25.17
5-Jul-14,23.216
6-Jul-14,26.066
7-Jul-14,27.419
8-Jul-14,27.99
9-Jul-14,29.007
10-Jul-14,27.612
11-Jul-14,26
12-Jul-14,26
13-Jul-14,26.368
14-Jul-14,27.987
15-Jul-14,27.974
16-Jul-14,24.398
17-Jul-14,23.5
18-Jul-14,25.5
19-Jul-14,25.954
20-Jul-14,24.5
21-Jul-14,24.148
22-Jul-14,26.969
23-Jul-14,29.866
24-Jul-14,27.756
25-Jul-14,26
26-Jul-14,26.5
27-Jul-14,25.183
28-Jul-14,22.811
29-Jul-14,23.38
30-Jul-14,23.831
31-Jul-14,23
1-Aug-14,24.852
2-Aug-14,25.516
3-Aug-14,23.5
4-Aug-14,24.314
5-Aug-14,26.5
6-Aug-14,27.458
7-Aug-14,24.925
8-Aug-14,25.049
9-Aug-14,27
10-Aug-14,26.51
11-Aug-14,27.485
12-Aug-14,25.724
13-Aug-14,21.859
14-Aug-14,21.324
15-Aug-14,22.653
16-Aug-14,22.002
17-Aug-14,23
18-Aug-14,22.826
19-Aug-14,23
20-Aug-14,24.749
21-Aug-14,24.506
22-Aug-14,21.868
23-Aug-14,22.08
24-Aug-14,24.924
25-Aug-14,29
26-Aug-14,28.914
27-Aug-14,29.311
28-Aug-14,27.467
29-Aug-14,23.292
30-Aug-14,22.338
31-Aug-14,26.249
1-Sep-14,27.852
2-Sep-14,27.977
3-Sep-14,28.007
4-Sep-14,26.925
5-Sep-14,27.5
6-Sep-14,29.354
7-Sep-14,26.396
8-Sep-14,22.505
9-Sep-14,20.454
10-Sep-14,20
11-Sep-14,20.473
12-Sep-14,19.451
13-Sep-14,17.61
14-Sep-14,16.528
15-Sep-14,17.004
16-Sep-14,17.078
17-Sep-14,17.488
18-Sep-14,20.455
19-Sep-14,17.662
20-Sep-14,15.487
21-Sep-14,19.027
22-Sep-14,21.5
23-Sep-14,20.488
24-Sep-14,18.08
25-Sep-14,17.65
26-Sep-14,20.862
27-Sep-14,26
28-Sep-14,27.366
29-Sep-14,24.266
30-Sep-14,18.532
1-Oct-14,15.695
2-Oct-14,15.974
3-Oct-14,16.633
4-Oct-14,16.444
5-Oct-14,16.977
6-Oct-14,17.451
7-Oct-14,17.904
8-Oct-14,20.402
9-Oct-14,18.854
10-Oct-14,16.494
11-Oct-14,14.508
12-Oct-14,14.481
13-Oct-14,16.466
14-Oct-14,20
15-Oct-14,22.662
16-Oct-14,21.867
17-Oct-14,20.495
18-Oct-14,20.105
19-Oct-14,15.518
20-Oct-14,12.018
21-Oct-14,12.019
22-Oct-14,10.641
23-Oct-14,10.405
24-Oct-14,10.507
25-Oct-14,14.264
26-Oct-14,15.942
27-Oct-14,13.99
28-Oct-14,12.963
29-Oct-14,14.033
30-Oct-14,14.745
31-Oct-14,12.057
1-Nov-14,7.89
2-Nov-14,4.495
3-Nov-14,6.486
4-Nov-14,9.499
5-Nov-14,13.421
6-Nov-14,12.659
7-Nov-14,8.909
8-Nov-14,7.324
9-Nov-14,9.075
10-Nov-14,12.034
11-Nov-14,12.836
12-Nov-14,13.493
13-Nov-14,10.934
14-Nov-14,6.488
15-Nov-14,3.474
16-Nov-14,3.168
17-Nov-14,3.89
18-Nov-14,3.567
19-Nov-14,3.082
20-Nov-14,4.026
21-Nov-14,2.664
22-Nov-14,1.804
23-Nov-14,8.375
24-Nov-14,13.729
25-Nov-14,15.869
26-Nov-14,10.764
27-Nov-14,3.474
28-Nov-14,0.565
29-Nov-14,-0.707
30-Nov-14,4.649
1-Dec-14,11.152
2-Dec-14,7.38
3-Dec-14,1.287
4-Dec-14,3.531
5-Dec-14,0.99
6-Dec-14,0.191
7-Dec-14,1.988
8-Dec-14,-3.793
9-Dec-14,-1.022
10-Dec-14,3.029
11-Dec-14,3.879
12-Dec-14,3.681
13-Dec-14,2.752
14-Dec-14,3.845
15-Dec-14,5
16-Dec-14,3.499
17-Dec-14,3.554
18-Dec-14,5.019
19-Dec-14,3.494
20-Dec-14,1.493
21-Dec-14,0.098
22-Dec-14,1.641
23-Dec-14,2.994
24-Dec-14,3.15
25-Dec-14,7.426
26-Dec-14,9.808
27-Dec-14,9.051
28-Dec-14,9.05
29-Dec-14,6.258
30-Dec-14,-0.042
31-Dec-14,-3.048
1-Jan-15,-2.461
2-Jan-15,0.465
3-Jan-15,-1.01
4-Jan-15,-1.504
5-Jan-15,3.006
6-Jan-15,-4.553
7-Jan-15,-7.573
8-Jan-15,-7.112
9-Jan-15,-4.272
10-Jan-15,-3.919
11-Jan-15,-4.047
12-Jan-15,-2.015
13-Jan-15,-1.232
14-Jan-15,-6.701
15-Jan-15,-3.882
16-Jan-15,-0.451
17-Jan-15,-3.732
18-Jan-15,2.417
19-Jan-15,8.439
20-Jan-15,4.481
21-Jan-15,0.162
22-Jan-15,0.331
23-Jan-15,0.869
24-Jan-15,-0.303
25-Jan-15,0.591
26-Jan-15,-3.405
27-Jan-15,-7.876
28-Jan-15,-6.711
29-Jan-15,-2.422
30-Jan-15,-0.162
31-Jan-15,-3.123
1-Feb-15,-5.865
2-Feb-15,-8.919
3-Feb-15,-10.439
4-Feb-15,-3.546
5-Feb-15,-0.223
6-Feb-15,-4.954
7-Feb-15,-5.314
8-Feb-15,-5.049
9-Feb-15,-11.445
10-Feb-15,-6.7
11-Feb-15,-4.002
12-Feb-15,-6.657
13-Feb-15,-8.51
14-Feb-15,-9.332
15-Feb-15,-8.332
16-Feb-15,-7.669
17-Feb-15,-6.825
18-Feb-15,-3.216
19-Feb-15,-0.793
20-Feb-15,-4.257
21-Feb-15,-4.432
22-Feb-15,0.528
23-Feb-15,-0.069
24-Feb-15,-6.536
25-Feb-15,-3.622
26-Feb-15,-2.931
27-Feb-15,-5.207
28-Feb-15,-2.512
1-Mar-15,-1.498
2-Mar-15,0.541
3-Mar-15,-0.007
4-Mar-15,3.12
5-Mar-15,4.981
6-Mar-15,-2.683
7-Mar-15,-0.762
8-Mar-15,3.03
9-Mar-15,5.118
10-Mar-15,7.237
11-Mar-15,10.941
12-Mar-15,8.372
13-Mar-15,1.849
14-Mar-15,3.331
15-Mar-15,2.318
16-Mar-15,3.16
17-Mar-15,5.842
18-Mar-15,1.411
19-Mar-15,-2.289
20-Mar-15,0.016
21-Mar-15,1.865
22-Mar-15,2.108
23-Mar-15,-3.486
24-Mar-15,1.535
25-Mar-15,5.488
26-Mar-15,8.5
27-Mar-15,9.451
28-Mar-15,6.138
29-Mar-15,4.5
30-Mar-15,4.894
31-Mar-15,5.492
1-Apr-15,6.495
2-Apr-15,6.005
3-Apr-15,13.026
4-Apr-15,13.313
5-Apr-15,7.527
6-Apr-15,5.451
7-Apr-15,5.879
8-Apr-15,7.384
9-Apr-15,4.132
10-Apr-15,4.5
11-Apr-15,8.624
12-Apr-15,14.396
13-Apr-15,19
14-Apr-15,19.514
15-Apr-15,18.267
16-Apr-15,15.177
17-Apr-15,16
18-Apr-15,16.122
19-Apr-15,13.883
20-Apr-15,10.837
21-Apr-15,11.753
22-Apr-15,15.089
23-Apr-15,13.524
24-Apr-15,10.17
25-Apr-15,10.553
26-Apr-15,11.523
27-Apr-15,13.005
28-Apr-15,14.323
29-Apr-15,14.705
30-Apr-15,14.445
1-May-15,13.973
2-May-15,13.711
3-May-15,16.102
4-May-15,22
5-May-15,24.373
6-May-15,23
7-May-15,25.846
8-May-15,21.734
9-May-15,14.955
10-May-15,24.092
11-May-15,24.113
12-May-15,20.348
13-May-15,20.374
14-May-15,18.448
15-May-15,20.88
16-May-15,19.431
17-May-15,21.049
18-May-15,20.527
19-May-15,17.151
20-May-15,18.404
21-May-15,18.168
22-May-15,19.5
23-May-15,19.217
24-May-15,22.355
25-May-15,27.597
26-May-15,28.636
27-May-15,27.376
28-May-15,27.607
29-May-15,25.723
30-May-15,26.452
31-May-15,24.015
1-Jun-15,14.884
2-Jun-15,9.822
3-Jun-15,12.662
4-Jun-15,15.763
5-Jun-15,16.007
6-Jun-15,20.531
7-Jun-15,20.945
8-Jun-15,19.899
9-Jun-15,20.487
10-Jun-15,24.455
11-Jun-15,28.003
12-Jun-15,28.473
13-Jun-15,27.502
14-Jun-15,26.888
15-Jun-15,21.179
16-Jun-15,16
17-Jun-15,20.775
18-Jun-15,23.484
19-Jun-15,25
20-Jun-15,22.851
21-Jun-15,20.473
22-Jun-15,20.893
23-Jun-15,21.612
24-Jun-15,23.658
25-Jun-15,26.337
26-Jun-15,23.489
27-Jun-15,22.055
28-Jun-15,18.708
29-Jun-15,16.858
30-Jun-15,22.995
1-Jul-15,22.553
2-Jul-15,22.337
3-Jul-15,25.5
4-Jul-15,24.42
5-Jul-15,25.5
6-Jul-15,27.5
7-Jul-15,27.122
8-Jul-15,27.123
9-Jul-15,25.487
10-Jul-15,25.544
11-Jul-15,29.027
12-Jul-15,31
13-Jul-15,29.435
14-Jul-15,26.301
15-Jul-15,25.913
16-Jul-15,25.026
17-Jul-15,23.765
18-Jul-15,22.367
19-Jul-15,23.606
20-Jul-15,28.496
21-Jul-15,26.464
22-Jul-15,25.838
23-Jul-15,25.843
24-Jul-15,24.347
25-Jul-15,22.219
26-Jul-15,19.554
27-Jul-15,22.106
28-Jul-15,26.953
29-Jul-15,29.918
30-Jul-15,30
31-Jul-15,29.5
1-Aug-15,28.993
2-Aug-15,28
3-Aug-15,27.99
4-Aug-15,28.338
5-Aug-15,27.403
6-Aug-15,26
7-Aug-15,24.898
8-Aug-15,25.5
9-Aug-15,25.5
10-Aug-15,24.902
11-Aug-15,22.831
12-Aug-15,23.106
13-Aug-15,26
14-Aug-15,26.5
15-Aug-15,28.5
16-Aug-15,29.99
17-Aug-15,30.515
18-Aug-15,30.69
19-Aug-15,30.136
20-Aug-15,26.934
21-Aug-15,24.314
22-Aug-15,24.466
23-Aug-15,23.986
24-Aug-15,23.742
25-Aug-15,24.882
26-Aug-15,24.483
27-Aug-15,26.5
28-Aug-15,24.96
29-Aug-15,25
30-Aug-15,26.5
31-Aug-15,28.5
1-Sep-15,28.007
2-Sep-15,27.99
3-Sep-15,30
4-Sep-15,26.9
5-Sep-15,25
6-Sep-15,27.659
7-Sep-15,31
8-Sep-15,31.925
9-Sep-15,30.422
10-Sep-15,27.434
11-Sep-15,22.073
12-Sep-15,22.5
13-Sep-15,21.304
14-Sep-15,20.07
15-Sep-15,25.215
16-Sep-15,28.5
17-Sep-15,28.702
18-Sep-15,28.994
19-Sep-15,26.527
20-Sep-15,23.642
21-Sep-15,21.238
22-Sep-15,19.645
23-Sep-15,21.048
24-Sep-15,23.947
25-Sep-15,20.188
26-Sep-15,17.919
27-Sep-15,18.964
28-Sep-15,22
29-Sep-15,24.466
30-Sep-15,22.276
1-Oct-15,17.863
2-Oct-15,14.474
3-Oct-15,13.191
4-Oct-15,14.5
5-Oct-15,15.504
6-Oct-15,17.564
7-Oct-15,19.113
8-Oct-15,17.937
9-Oct-15,15.056
10-Oct-15,13.224
11-Oct-15,14.997
12-Oct-15,19.49
13-Oct-15,19.161
14-Oct-15,17.925
15-Oct-15,16.905
16-Oct-15,15.059
17-Oct-15,13.736
18-Oct-15,9.487
19-Oct-15,7.116
20-Oct-15,12.145
21-Oct-15,15.115
22-Oct-15,15.344
23-Oct-15,13.928
24-Oct-15,9.333
25-Oct-15,12.929
26-Oct-15,13.446
27-Oct-15,11.425
28-Oct-15,12.518
29-Oct-15,19.436
30-Oct-15,17.271
31-Oct-15,12.168
1-Nov-15,12.118
2-Nov-15,14.807
3-Nov-15,16.605
4-Nov-15,16.994
5-Nov-15,17.916
6-Nov-15,18.83
7-Nov-15,17.866
8-Nov-15,12.334
9-Nov-15,11.539
10-Nov-15,12.495
11-Nov-15,9.695
12-Nov-15,9.558
13-Nov-15,13.066
14-Nov-15,11.322
15-Nov-15,8.183
16-Nov-15,10.399
17-Nov-15,8.99
18-Nov-15,7.5
19-Nov-15,9.565
20-Nov-15,12.824
21-Nov-15,10.164
22-Nov-15,6.434
23-Nov-15,4.82
24-Nov-15,3.512
25-Nov-15,4.058
26-Nov-15,7.834
27-Nov-15,12.777
28-Nov-15,13.995
29-Nov-15,5.482
30-Nov-15,1.769
1-Dec-15,1.56
2-Dec-15,4.966
3-Dec-15,6.5
4-Dec-15,6.988
5-Dec-15,8.146
6-Dec-15,9.994
7-Dec-15,11.006
8-Dec-15,7.77
9-Dec-15,4.364
10-Dec-15,8.245
11-Dec-15,9.263
12-Dec-15,10.729
13-Dec-15,10.757
14-Dec-15,8.5
15-Dec-15,9.434
16-Dec-15,7.46
17-Dec-15,6.801
18-Dec-15,8.171
19-Dec-15,5.586
20-Dec-15,2.738
21-Dec-15,4.474
22-Dec-15,7.682
23-Dec-15,6.62
24-Dec-15,8.62
25-Dec-15,12.345
26-Dec-15,11.841
27-Dec-15,7.231
28-Dec-15,2.168
29-Dec-15,-5.001
30-Dec-15,-4.845
31-Dec-15,2.249
1-Jan-16,4.323
2-Jan-16,3.758
3-Jan-16,3.359
4-Jan-16,1.284
5-Jan-16,-4.264
6-Jan-16,-0.201
7-Jan-16,3.572
8-Jan-16,4.348
9-Jan-16,2.67
10-Jan-16,6.893
11-Jan-16,10.002
12-Jan-16,0.729
13-Jan-16,-0.996
14-Jan-16,-2.902
15-Jan-16,-2.242
16-Jan-16,-1.359
17-Jan-16,-1.166
18-Jan-16,-1.634
19-Jan-16,-5.151
20-Jan-16,-4.291
21-Jan-16,-3.469
22-Jan-16,-2.298
23-Jan-16,-4.003
24-Jan-16,-3.191
25-Jan-16,1.5
26-Jan-16,4.995
27-Jan-16,7.141
28-Jan-16,4.648
29-Jan-16,2.141
30-Jan-16,2.646
31-Jan-16,6.824
1-Feb-16,11.676
2-Feb-16,10.764
3-Feb-16,8.5
4-Feb-16,10.981
5-Feb-16,8.362
6-Feb-16,1
7-Feb-16,4.132
8-Feb-16,0.994
9-Feb-16,-5.354
10-Feb-16,-1.443
11-Feb-16,-0.018
12-Feb-16,-4.063
13-Feb-16,-5.868
14-Feb-16,-9.053
15-Feb-16,-8.716
16-Feb-16,3.556
17-Feb-16,8.995
18-Feb-16,2.955
19-Feb-16,1.519
20-Feb-16,7.409
21-Feb-16,10
22-Feb-16,5.885
23-Feb-16,1.487
24-Feb-16,1.394
25-Feb-16,12.105
26-Feb-16,8.402
27-Feb-16,1.361
28-Feb-16,6.271
29-Feb-16,11.721
1-Mar-16,8.542
2-Mar-16,6.738
3-Mar-16,1.595
4-Mar-16,-3.359
5-Mar-16,-0.875
6-Mar-16,2.705
7-Mar-16,4.425
8-Mar-16,7.149
9-Mar-16,15.217
10-Mar-16,18.491
11-Mar-16,13.488
12-Mar-16,10.959
13-Mar-16,14.066
14-Mar-16,9.6
15-Mar-16,5.035
16-Mar-16,8.056
17-Mar-16,12.448
18-Mar-16,11.61
19-Mar-16,7.148
20-Mar-16,3.505
21-Mar-16,3.495
22-Mar-16,5.5
23-Mar-16,8
24-Mar-16,5.917
25-Mar-16,0.929
26-Mar-16,4.81
27-Mar-16,7.543
28-Mar-16,6.21
29-Mar-16,6.069
30-Mar-16,8.438
31-Mar-16,16.293
1-Apr-16,18.628
2-Apr-16,14.659
3-Apr-16,6.184
4-Apr-16,-1.168
5-Apr-16,-1.013
6-Apr-16,3.49
7-Apr-16,7.703
8-Apr-16,11.471
9-Apr-16,9.922
10-Apr-16,7.995
11-Apr-16,8.675
12-Apr-16,10.162
13-Apr-16,11.5
14-Apr-16,12.194
15-Apr-16,13.88
16-Apr-16,15.04
17-Apr-16,16.069
18-Apr-16,18.902
19-Apr-16,15.989
20-Apr-16,14
21-Apr-16,18.203
22-Apr-16,21.176
23-Apr-16,19.492
24-Apr-16,14.937
25-Apr-16,14.993
26-Apr-16,11.139
27-Apr-16,8.312
28-Apr-16,11.94
29-Apr-16,10.893
1-May-16,13.614
2-May-16,10.161
3-May-16,9.203
4-May-16,11.22
5-May-16,9.64
6-May-16,13.393
7-May-16,14.894
8-May-16,11.779
9-May-16,12.5
10-May-16,17.52
11-May-16,22.305
12-May-16,22.439
13-May-16,20.773
14-May-16,22.07
15-May-16,19.381
16-May-16,13.111
17-May-16,15.519
18-May-16,19.001
19-May-16,19.051
20-May-16,22.233
21-May-16,24.5
22-May-16,22.634
23-May-16,23.208
24-May-16,20.676
25-May-16,17.881
26-May-16,25.5
27-May-16,22.374
28-May-16,26.458
29-May-16,23.753
30-May-16,19.012
31-May-16,27.583
1-Jun-16,27.271
2-Jun-16,21
3-Jun-16,17.973
4-Jun-16,20.468
5-Jun-16,20.005
6-Jun-16,20.873
7-Jun-16,24.146
8-Jun-16,22.763
9-Jun-16,19.909
10-Jun-16,18.743
11-Jun-16,18.995
12-Jun-16,20.891
13-Jun-16,21.49
14-Jun-16,21.604
15-Jun-16,24.928
16-Jun-16,27
17-Jun-16,26.135
18-Jun-16,24.456
19-Jun-16,23.702
20-Jun-16,24.815
21-Jun-16,27.997
22-Jun-16,26.84
23-Jun-16,24.5
24-Jun-16,25.474
25-Jun-16,25.837
26-Jun-16,25.868
27-Jun-16,27.745
28-Jun-16,25.87
29-Jun-16,22.606
30-Jun-16,25.643
1-Jul-16,27.507
2-Jul-16,26.477
3-Jul-16,26.05
4-Jul-16,28.632
5-Jul-16,28.488
6-Jul-16,30
7-Jul-16,25.964
8-Jul-16,19.988
9-Jul-16,17.809
10-Jul-16,16.618
11-Jul-16,22.211
12-Jul-16,28.5
13-Jul-16,29.041
14-Jul-16,27.98
15-Jul-16,29.816
16-Jul-16,31.275
17-Jul-16,28.015
18-Jul-16,28.123
19-Jul-16,26.906
20-Jul-16,25.723
21-Jul-16,27.675
22-Jul-16,31.185
23-Jul-16,31.938
24-Jul-16,29.783
25-Jul-16,28.781
26-Jul-16,30.5
27-Jul-16,31.006
28-Jul-16,30.963
29-Jul-16,29.483
30-Jul-16,28.316
31-Jul-16,25.883
1-Aug-16,23.088
2-Aug-16,24.836
3-Aug-16,27.5
4-Aug-16,29.031
5-Aug-16,28.8
6-Aug-16,30.978
7-Aug-16,30.573
8-Aug-16,29.522
9-Aug-16,28.001
10-Aug-16,25.233
11-Aug-16,28.578
12-Aug-16,34.018
13-Aug-16,27.723
14-Aug-16,27.027
15-Aug-16,30.954
16-Aug-16,27.183
17-Aug-16,27.226
18-Aug-16,27.989
19-Aug-16,29
20-Aug-16,27.341
21-Aug-16,25.494
22-Aug-16,25.108
23-Aug-16,24.791
24-Aug-16,27.544
25-Aug-16,28.673
26-Aug-16,29
27-Aug-16,29.992
28-Aug-16,27.309
29-Aug-16,27.296
30-Aug-16,26.59
31-Aug-16,26.722
1-Sep-16,26.079
2-Sep-16,25.927
3-Sep-16,24.5
4-Sep-16,24.473
5-Sep-16,24.18
6-Sep-16,23.783
7-Sep-16,23.57
8-Sep-16,24.642
9-Sep-16,29.831
10-Sep-16,30.161
11-Sep-16,26.963
12-Sep-16,24.474
13-Sep-16,25.5
14-Sep-16,27.519
15-Sep-16,24.289
16-Sep-16,21.333
17-Sep-16,21.868
18-Sep-16,23.413
19-Sep-16,23.473
20-Sep-16,23.469
21-Sep-16,26.984
22-Sep-16,27.383
23-Sep-16,24.064
24-Sep-16,19.5
25-Sep-16,17.843
26-Sep-16,17.369
27-Sep-16,19.556
28-Sep-16,18.928
29-Sep-16,17.398
30-Sep-16,17.088
1-Oct-16,15.973
2-Oct-16,14.662
3-Oct-16,17.064
4-Oct-16,18.493
5-Oct-16,17.954
6-Oct-16,20.444
7-Oct-16,22.861
8-Oct-16,21.636
9-Oct-16,17.995
10-Oct-16,13.875
11-Oct-16,15.893
12-Oct-16,16.913
13-Oct-16,16.979
14-Oct-16,16.507
15-Oct-16,12.928
16-Oct-16,15.223
17-Oct-16,20.779
18-Oct-16,18.156
19-Oct-16,20.282
20-Oct-16,19.728
21-Oct-16,17.03
22-Oct-16,18.074
23-Oct-16,14.217
24-Oct-16,11.302
25-Oct-16,10.465
26-Oct-16,8.248
27-Oct-16,8.206
28-Oct-16,9.046
29-Oct-16,8.525
30-Oct-16,10.832
31-Oct-16,11.003
1-Nov-16,9.011
2-Nov-16,12.832
3-Nov-16,13.248
4-Nov-16,11.078
5-Nov-16,10.407
6-Nov-16,9.175
7-Nov-16,9.093
8-Nov-16,12.785
9-Nov-16,15.649
10-Nov-16,12.325
11-Nov-16,10.941
12-Nov-16,9.871
13-Nov-16,10.599
14-Nov-16,14.562
15-Nov-16,13.068
16-Nov-16,13.259
17-Nov-16,14.409
18-Nov-16,15.132
19-Nov-16,14.787
20-Nov-16,11.595
21-Nov-16,5.595
22-Nov-16,2.777
23-Nov-16,5.176
24-Nov-16,3.883
25-Nov-16,2.579
26-Nov-16,4.594
27-Nov-16,5.775
28-Nov-16,5.303
29-Nov-16,6.168
30-Nov-16,5.498
1-Dec-16,9.106
2-Dec-16,9.551
3-Dec-16,8.285
4-Dec-16,5.505
5-Dec-16,1.366
6-Dec-16,1.119
7-Dec-16,2.364
8-Dec-16,2.853
9-Dec-16,2.678
10-Dec-16,-2.384
11-Dec-16,-2.88
12-Dec-16,-0.731
13-Dec-16,0.618
14-Dec-16,2.849
15-Dec-16,-0.66
16-Dec-16,-9.244
17-Dec-16,-9.274
18-Dec-16,5.136
19-Dec-16,2.05
20-Dec-16,-3.216
21-Dec-16,1.286
22-Dec-16,3.029
23-Dec-16,2.983
24-Dec-16,4.5
25-Dec-16,3.976
26-Dec-16,2.99
27-Dec-16,8.86
28-Dec-16,7.474
29-Dec-16,3.285
30-Dec-16,1.282
1-Jan-17,3.103
2-Jan-17,4.517
3-Jan-17,3.994
4-Jan-17,4.522
5-Jan-17,2.988
6-Jan-17,-1.136
7-Jan-17,-4.139
8-Jan-17,-6.823
9-Jan-17,-7.51
10-Jan-17,-2.009
11-Jan-17,9.193
12-Jan-17,10.952
13-Jan-17,9.988
14-Jan-17,0.278
15-Jan-17,-2.622
16-Jan-17,1.221
17-Jan-17,3.244
18-Jan-17,2.044
19-Jan-17,1.126
20-Jan-17,4.414
21-Jan-17,5.554
22-Jan-17,5.157
23-Jan-17,1.995
24-Jan-17,0.463
25-Jan-17,3.161
26-Jan-17,6.011
27-Jan-17,6.954
28-Jan-17,4.99
29-Jan-17,4.572
30-Jan-17,2.995
31-Jan-17,-1.189
1-Feb-17,-1.458
2-Feb-17,1.096
3-Feb-17,1.293
4-Feb-17,-0.921
5-Feb-17,0.692
6-Feb-17,1.781
7-Feb-17,-3.762
8-Feb-17,0.461
9-Feb-17,3.489
10-Feb-17,-6.971
11-Feb-17,-9.846
12-Feb-17,-7.187
13-Feb-17,-3.691
14-Feb-17,-1.915
15-Feb-17,1.071
16-Feb-17,1.338
17-Feb-17,1.492
18-Feb-17,4.057
19-Feb-17,9.996
20-Feb-17,9.136
21-Feb-17,4.953
22-Feb-17,8.265
23-Feb-17,11.281
24-Feb-17,11.942
25-Feb-17,11.493
26-Feb-17,9.865
27-Feb-17,7.684
28-Feb-17,8.955
1-Mar-17,9.348
2-Mar-17,10.272
3-Mar-17,3.192
4-Mar-17,-5.113
5-Mar-17,-6.013
6-Mar-17,1.14
7-Mar-17,4.425
8-Mar-17,7.732
9-Mar-17,8.413
10-Mar-17,1.617
11-Mar-17,-4.654
12-Mar-17,-8.807
13-Mar-17,-2.707
14-Mar-17,-0.925
15-Mar-17,-0.898
16-Mar-17,-0.536
17-Mar-17,0.604
18-Mar-17,2
19-Mar-17,4.504
20-Mar-17,7.59
21-Mar-17,9.5
22-Mar-17,5.351
23-Mar-17,0.471
24-Mar-17,1.476
25-Mar-17,3.523
26-Mar-17,4.47
27-Mar-17,3.363
28-Mar-17,2.5
29-Mar-17,5.111
30-Mar-17,7.688
31-Mar-17,6.534
1-Apr-17,2.947
2-Apr-17,5.941
3-Apr-17,11.381
4-Apr-17,8.928
5-Apr-17,4.313
6-Apr-17,6.141
7-Apr-17,8.745
8-Apr-17,10.006
9-Apr-17,11.88
10-Apr-17,17.015
11-Apr-17,22.906
12-Apr-17,22.106
13-Apr-17,15.761
14-Apr-17,14.625
15-Apr-17,16.948
16-Apr-17,24.133
17-Apr-17,23.669
18-Apr-17,14.694
19-Apr-17,9
20-Apr-17,10.069
21-Apr-17,9.218
22-Apr-17,5.541
23-Apr-17,10.618
24-Apr-17,16.976
25-Apr-17,14.74
26-Apr-17,11.175
27-Apr-17,14.332
28-Apr-17,18.5
29-Apr-17,24.984
30-Apr-17,19.23
1-May-17,9.241
2-May-17,10.763
3-May-17,16.995
4-May-17,16.385
5-May-17,13.091
6-May-17,12.489
7-May-17,15.5
8-May-17,13.895
9-May-17,11.154
10-May-17,12.214
11-May-17,12.995
12-May-17,15.225
13-May-17,16.484
14-May-17,12.37
15-May-17,10.625
16-May-17,18.386
17-May-17,24.951
18-May-17,30.745
19-May-17,31.015
20-May-17,23.864
21-May-17,20.314
22-May-17,17.529
23-May-17,17.114
24-May-17,21
25-May-17,19.117
26-May-17,14.373
27-May-17,15.716
28-May-17,18.221
29-May-17,14.301
30-May-17,12
31-May-17,14.49
1-Jun-17,20.09
2-Jun-17,21.417
3-Jun-17,18.99
4-Jun-17,19.724
5-Jun-17,18.643
6-Jun-17,13.045
7-Jun-17,16.691
8-Jun-17,23.559
9-Jun-17,22.795
10-Jun-17,22.248
11-Jun-17,28.091
12-Jun-17,31.995
13-Jun-17,31.7
14-Jun-17,29.348
15-Jun-17,22.675
16-Jun-17,19.65
17-Jun-17,18.185
18-Jun-17,23.058
19-Jun-17,25.907
20-Jun-17,26.847
21-Jun-17,26.5
22-Jun-17,26.99
23-Jun-17,24.832
24-Jun-17,26.5
25-Jun-17,27.633
26-Jun-17,24.963
27-Jun-17,23.5
28-Jun-17,22.505
29-Jun-17,23.006
30-Jun-17,23
1-Jul-17,25.5
2-Jul-17,27.616
3-Jul-17,29.304
4-Jul-17,27.735
5-Jul-17,26.556
6-Jul-17,26.095
7-Jul-17,23.82
8-Jul-17,22.824
9-Jul-17,26
10-Jul-17,27.5
11-Jul-17,25.908
12-Jul-17,26.243
13-Jul-17,24.412
14-Jul-17,18.706
15-Jul-17,21.5
16-Jul-17,25.662
17-Jul-17,26.88
18-Jul-17,26.01
19-Jul-17,26.134
20-Jul-17,29
21-Jul-17,30
22-Jul-17,30
23-Jul-17,26.464
24-Jul-17,21.998
25-Jul-17,19.912
26-Jul-17,24.621
27-Jul-17,25.847
28-Jul-17,25.047
29-Jul-17,26.425
30-Jul-17,24.993
31-Jul-17,27.013
1-Aug-17,29
2-Aug-17,29.368
3-Aug-17,27.94
4-Aug-17,26.385
5-Aug-17,24.942
6-Aug-17,23.5
7-Aug-17,24.714
8-Aug-17,24.643
9-Aug-17,25.819
10-Aug-17,26.515
11-Aug-17,26.852
12-Aug-17,24.928
13-Aug-17,26.544
14-Aug-17,27.995
15-Aug-17,26.691
16-Aug-17,26.5
17-Aug-17,27.179
18-Aug-17,23.469
19-Aug-17,21.957
20-Aug-17,27.5
21-Aug-17,28.118
22-Aug-17,27.696
23-Aug-17,27.163
24-Aug-17,26.506
25-Aug-17,24.99
26-Aug-17,22.847
27-Aug-17,23.5
28-Aug-17,23.505
29-Aug-17,22.677
30-Aug-17,20.535
31-Aug-17,22.907
1-Sep-17,21.364
2-Sep-17,19.8
3-Sep-17,20.594
4-Sep-17,20.214
5-Sep-17,25.043
6-Sep-17,23.166
7-Sep-17,21.006
8-Sep-17,22.493
9-Sep-17,21.993
10-Sep-17,21.988
11-Sep-17,23.264
12-Sep-17,25.5
13-Sep-17,26.034
14-Sep-17,26.505
15-Sep-17,25.311
16-Sep-17,25.002
17-Sep-17,24.528
18-Sep-17,22.205
19-Sep-17,19.5
20-Sep-17,21.554
21-Sep-17,23.202
22-Sep-17,22.451
23-Sep-17,24.199
24-Sep-17,28.78
25-Sep-17,28.675
26-Sep-17,28.478
27-Sep-17,28.454
28-Sep-17,25.982
29-Sep-17,20.878
30-Sep-17,16.612
1-Oct-17,16.632
2-Oct-17,19.459
3-Oct-17,19.266
4-Oct-17,20.349
5-Oct-17,23.442
6-Oct-17,22.089
7-Oct-17,19.132
8-Oct-17,21.347
9-Oct-17,21.445
10-Oct-17,21.786
11-Oct-17,22.211
12-Oct-17,17.474
13-Oct-17,14.995
14-Oct-17,18.197
15-Oct-17,20.548
16-Oct-17,20.223
17-Oct-17,15.03
18-Oct-17,16.719
19-Oct-17,20.603
20-Oct-17,19.768
21-Oct-17,20.576
22-Oct-17,19.79
23-Oct-17,17.729
24-Oct-17,17.5
25-Oct-17,18.453
26-Oct-17,17
27-Oct-17,15.947
28-Oct-17,15.381
29-Oct-17,16
30-Oct-17,16.5
31-Oct-17,15.16
1-Nov-17,12.498
2-Nov-17,12.646
3-Nov-17,17.081
4-Nov-17,16.511
5-Nov-17,11.753
6-Nov-17,15.171
7-Nov-17,13.18
8-Nov-17,6.999
9-Nov-17,7.051
10-Nov-17,8.265
11-Nov-17,2.768
12-Nov-17,3.407
13-Nov-17,3.491
14-Nov-17,2.931
15-Nov-17,5.011
16-Nov-17,6.19
17-Nov-17,5.767
18-Nov-17,5.622
19-Nov-17,11.288
20-Nov-17,8.573
21-Nov-17,6.097
22-Nov-17,9.31
23-Nov-17,6.136
24-Nov-17,4.903
25-Nov-17,9.209
26-Nov-17,10
27-Nov-17,6.011
28-Nov-17,4.179
29-Nov-17,9.037
30-Nov-17,10.495
1-Dec-17,7.425
2-Dec-17,6.599
3-Dec-17,4.429
4-Dec-17,4.864
5-Dec-17,6.795
6-Dec-17,11.721
7-Dec-17,7.99
8-Dec-17,4.598
9-Dec-17,2.323
10-Dec-17,1.95
11-Dec-17,2.622
12-Dec-17,1.925
13-Dec-17,-0.338
14-Dec-17,-3.207
15-Dec-17,-4.511
16-Dec-17,-4.101
17-Dec-17,-2.255
18-Dec-17,-4.302
19-Dec-17,-0.615
20-Dec-17,4.292
21-Dec-17,0.357
22-Dec-17,-5.947
23-Dec-17,-4.202
24-Dec-17,0.5
25-Dec-17,-1.75
26-Dec-17,-4.4
27-Dec-17,-7.006
28-Dec-17,-12.003
29-Dec-17,-15.192
30-Dec-17,-13.844
