system:time_start,vpd
1-Jan-08,0.134
2-Jan-08,0.166
3-Jan-08,0.063
4-Jan-08,0.088
5-Jan-08,0.134
6-Jan-08,0.174
7-Jan-08,0.148
8-Jan-08,0.326
9-Jan-08,0.317
10-Jan-08,0.338
11-Jan-08,0.19
12-Jan-08,0.305
13-Jan-08,0.295
14-Jan-08,0.152
15-Jan-08,0.152
16-Jan-08,0.154
17-Jan-08,0.133
18-Jan-08,0.173
19-Jan-08,0.252
20-Jan-08,0.228
21-Jan-08,0.188
22-Jan-08,0.187
23-Jan-08,0.225
24-Jan-08,0.183
25-Jan-08,0.162
26-Jan-08,0.217
27-Jan-08,0.133
28-Jan-08,0.167
29-Jan-08,0.15
30-Jan-08,0.202
31-Jan-08,0.27
1-Feb-08,0.196
2-Feb-08,0.182
3-Feb-08,0.205
4-Feb-08,0.208
5-Feb-08,0.131
6-Feb-08,0.14
7-Feb-08,0.141
8-Feb-08,0.112
9-Feb-08,0.096
10-Feb-08,0.107
11-Feb-08,0.149
12-Feb-08,0.12
13-Feb-08,0.086
14-Feb-08,0.173
15-Feb-08,0.154
16-Feb-08,0.138
17-Feb-08,0.111
18-Feb-08,0.15
19-Feb-08,0.254
20-Feb-08,0.219
21-Feb-08,0.172
22-Feb-08,0.118
23-Feb-08,0.135
24-Feb-08,0.173
25-Feb-08,0.205
26-Feb-08,0.147
27-Feb-08,0.124
28-Feb-08,0.143
29-Feb-08,0.125
1-Mar-08,0.114
2-Mar-08,0.191
3-Mar-08,0.152
4-Mar-08,0.254
5-Mar-08,0.229
6-Mar-08,0.258
7-Mar-08,0.227
8-Mar-08,0.176
9-Mar-08,0.362
10-Mar-08,0.3
11-Mar-08,0.241
12-Mar-08,0.258
13-Mar-08,0.335
14-Mar-08,0.264
15-Mar-08,0.233
16-Mar-08,0.237
17-Mar-08,0.307
18-Mar-08,0.383
19-Mar-08,0.212
20-Mar-08,0.21
21-Mar-08,0.291
22-Mar-08,0.299
23-Mar-08,0.339
24-Mar-08,0.305
25-Mar-08,0.318
26-Mar-08,0.386
27-Mar-08,0.441
28-Mar-08,0.194
29-Mar-08,0.206
30-Mar-08,0.345
31-Mar-08,0.208
1-Apr-08,0.317
2-Apr-08,0.672
3-Apr-08,0.547
4-Apr-08,0.243
5-Apr-08,0.383
6-Apr-08,0.3
7-Apr-08,0.39
8-Apr-08,0.484
9-Apr-08,0.514
10-Apr-08,0.645
11-Apr-08,0.416
12-Apr-08,0.5
13-Apr-08,0.413
14-Apr-08,0.483
15-Apr-08,0.648
16-Apr-08,0.73
17-Apr-08,0.704
18-Apr-08,1.027
19-Apr-08,0.804
20-Apr-08,0.508
21-Apr-08,0.56
22-Apr-08,0.652
23-Apr-08,0.922
24-Apr-08,0.846
25-Apr-08,0.813
26-Apr-08,0.568
27-Apr-08,0.411
28-Apr-08,0.366
29-Apr-08,0.293
30-Apr-08,0.549
1-May-08,0.585
2-May-08,0.655
3-May-08,0.388
4-May-08,0.336
5-May-08,0.693
6-May-08,0.894
7-May-08,0.975
8-May-08,1.039
9-May-08,0.737
10-May-08,0.605
11-May-08,0.749
12-May-08,0.694
13-May-08,0.858
14-May-08,0.934
15-May-08,0.694
16-May-08,0.85
17-May-08,0.843
18-May-08,0.846
19-May-08,0.677
20-May-08,0.663
21-May-08,0.637
22-May-08,0.689
23-May-08,0.773
24-May-08,0.802
25-May-08,1.046
26-May-08,1.031
27-May-08,1.328
28-May-08,0.789
29-May-08,0.98
30-May-08,0.853
31-May-08,0.516
1-Jun-08,0.775
2-Jun-08,0.761
3-Jun-08,0.745
4-Jun-08,0.373
5-Jun-08,0.565
6-Jun-08,0.311
7-Jun-08,0.554
8-Jun-08,1.031
9-Jun-08,1.009
10-Jun-08,0.782
11-Jun-08,0.979
12-Jun-08,0.905
13-Jun-08,0.953
14-Jun-08,0.865
15-Jun-08,0.395
16-Jun-08,0.418
17-Jun-08,0.666
18-Jun-08,0.573
19-Jun-08,0.504
20-Jun-08,0.605
21-Jun-08,0.672
22-Jun-08,0.672
23-Jun-08,0.581
24-Jun-08,0.878
25-Jun-08,0.927
26-Jun-08,0.834
27-Jun-08,0.709
28-Jun-08,0.524
29-Jun-08,0.586
30-Jun-08,0.613
1-Jul-08,0.819
2-Jul-08,0.7
3-Jul-08,0.808
4-Jul-08,0.8
5-Jul-08,0.654
6-Jul-08,0.488
7-Jul-08,0.711
8-Jul-08,0.72
9-Jul-08,0.872
10-Jul-08,0.889
11-Jul-08,0.815
12-Jul-08,0.753
13-Jul-08,0.666
14-Jul-08,0.822
15-Jul-08,0.964
16-Jul-08,0.934
17-Jul-08,0.916
18-Jul-08,0.78
19-Jul-08,1.049
20-Jul-08,0.701
21-Jul-08,0.672
22-Jul-08,0.599
23-Jul-08,0.504
24-Jul-08,0.478
25-Jul-08,0.69
26-Jul-08,0.677
27-Jul-08,0.741
28-Jul-08,0.818
29-Jul-08,1.012
30-Jul-08,0.822
31-Jul-08,0.481
1-Aug-08,0.501
2-Aug-08,0.501
3-Aug-08,0.453
4-Aug-08,0.568
5-Aug-08,0.541
6-Aug-08,0.28
7-Aug-08,0.411
8-Aug-08,0.374
9-Aug-08,0.578
10-Aug-08,0.566
11-Aug-08,0.458
12-Aug-08,0.533
13-Aug-08,0.655
14-Aug-08,0.573
15-Aug-08,0.672
16-Aug-08,0.668
17-Aug-08,0.842
18-Aug-08,0.757
19-Aug-08,0.459
20-Aug-08,0.644
21-Aug-08,0.777
22-Aug-08,0.773
23-Aug-08,0.705
24-Aug-08,0.556
25-Aug-08,0.76
26-Aug-08,0.599
27-Aug-08,0.845
28-Aug-08,0.737
29-Aug-08,0.548
30-Aug-08,0.63
31-Aug-08,0.671
1-Sep-08,0.83
2-Sep-08,0.756
3-Sep-08,0.688
4-Sep-08,0.759
5-Sep-08,0.629
6-Sep-08,0.395
7-Sep-08,0.585
8-Sep-08,0.656
9-Sep-08,0.428
10-Sep-08,0.607
11-Sep-08,0.506
12-Sep-08,0.284
13-Sep-08,0.435
14-Sep-08,0.314
15-Sep-08,0.795
16-Sep-08,0.473
17-Sep-08,0.531
18-Sep-08,0.522
19-Sep-08,0.461
20-Sep-08,0.38
21-Sep-08,0.491
22-Sep-08,0.456
23-Sep-08,0.519
24-Sep-08,0.445
25-Sep-08,0.496
26-Sep-08,0.16
27-Sep-08,0.366
28-Sep-08,0.374
29-Sep-08,0.516
30-Sep-08,0.353
1-Oct-08,0.294
2-Oct-08,0.433
3-Oct-08,0.451
4-Oct-08,0.411
5-Oct-08,0.465
6-Oct-08,0.482
7-Oct-08,0.61
8-Oct-08,0.574
9-Oct-08,0.527
10-Oct-08,0.667
11-Oct-08,0.602
12-Oct-08,0.591
13-Oct-08,0.434
14-Oct-08,0.342
15-Oct-08,0.486
16-Oct-08,0.231
17-Oct-08,0.359
18-Oct-08,0.394
19-Oct-08,0.352
20-Oct-08,0.358
21-Oct-08,0.392
22-Oct-08,0.239
23-Oct-08,0.335
24-Oct-08,0.482
25-Oct-08,0.199
26-Oct-08,0.367
27-Oct-08,0.444
28-Oct-08,0.286
29-Oct-08,0.354
30-Oct-08,0.312
31-Oct-08,0.302
1-Nov-08,0.359
2-Nov-08,0.322
3-Nov-08,0.256
4-Nov-08,0.37
5-Nov-08,0.528
6-Nov-08,0.299
7-Nov-08,0.376
8-Nov-08,0.35
9-Nov-08,0.427
10-Nov-08,0.423
11-Nov-08,0.31
12-Nov-08,0.279
13-Nov-08,0.231
14-Nov-08,0.251
15-Nov-08,0.209
16-Nov-08,0.361
17-Nov-08,0.34
18-Nov-08,0.283
19-Nov-08,0.215
20-Nov-08,0.257
21-Nov-08,0.232
22-Nov-08,0.246
23-Nov-08,0.215
24-Nov-08,0.193
25-Nov-08,0.132
26-Nov-08,0.316
27-Nov-08,0.292
28-Nov-08,0.232
29-Nov-08,0.284
30-Nov-08,0.196
1-Dec-08,0.265
2-Dec-08,0.275
3-Dec-08,0.263
4-Dec-08,0.224
5-Dec-08,0.288
6-Dec-08,0.235
7-Dec-08,0.172
8-Dec-08,0.184
9-Dec-08,0.132
10-Dec-08,0.223
11-Dec-08,0.217
12-Dec-08,0.15
13-Dec-08,0.18
14-Dec-08,0.149
15-Dec-08,0.186
16-Dec-08,0.457
17-Dec-08,0.106
18-Dec-08,0.157
19-Dec-08,0.125
20-Dec-08,0.072
21-Dec-08,0.118
22-Dec-08,0.096
23-Dec-08,0.093
24-Dec-08,0.117
25-Dec-08,0.239
26-Dec-08,0.133
27-Dec-08,0.106
28-Dec-08,0.35
29-Dec-08,0.204
30-Dec-08,0.171
1-Jan-09,0.093
2-Jan-09,0.136
3-Jan-09,0.157
4-Jan-09,0.15
5-Jan-09,0.2
6-Jan-09,0.18
7-Jan-09,0.156
8-Jan-09,0.191
9-Jan-09,0.128
10-Jan-09,0.112
11-Jan-09,0.103
12-Jan-09,0.11
13-Jan-09,0.132
14-Jan-09,0.236
15-Jan-09,0.078
16-Jan-09,0.077
17-Jan-09,0.106
18-Jan-09,0.107
19-Jan-09,0.153
20-Jan-09,0.142
21-Jan-09,0.131
22-Jan-09,0.158
23-Jan-09,0.151
24-Jan-09,0.191
25-Jan-09,0.112
26-Jan-09,0.119
27-Jan-09,0.149
28-Jan-09,0.135
29-Jan-09,0.214
30-Jan-09,0.233
31-Jan-09,0.227
1-Feb-09,0.263
2-Feb-09,0.293
3-Feb-09,0.215
4-Feb-09,0.163
5-Feb-09,0.136
6-Feb-09,0.16
7-Feb-09,0.165
8-Feb-09,0.235
9-Feb-09,0.198
10-Feb-09,0.173
11-Feb-09,0.182
12-Feb-09,0.242
13-Feb-09,0.292
14-Feb-09,0.217
15-Feb-09,0.196
16-Feb-09,0.211
17-Feb-09,0.243
18-Feb-09,0.222
19-Feb-09,0.195
20-Feb-09,0.231
21-Feb-09,0.238
22-Feb-09,0.176
23-Feb-09,0.229
24-Feb-09,0.198
25-Feb-09,0.211
26-Feb-09,0.155
27-Feb-09,0.199
28-Feb-09,0.236
1-Mar-09,0.13
2-Mar-09,0.126
3-Mar-09,0.128
4-Mar-09,0.159
5-Mar-09,0.188
6-Mar-09,0.12
7-Mar-09,0.341
8-Mar-09,0.355
9-Mar-09,0.247
10-Mar-09,0.263
11-Mar-09,0.23
12-Mar-09,0.31
13-Mar-09,0.233
14-Mar-09,0.371
15-Mar-09,0.489
16-Mar-09,0.333
17-Mar-09,0.368
18-Mar-09,0.347
19-Mar-09,0.44
20-Mar-09,0.402
21-Mar-09,0.436
22-Mar-09,0.368
23-Mar-09,0.322
24-Mar-09,0.335
25-Mar-09,0.539
26-Mar-09,0.464
27-Mar-09,0.445
28-Mar-09,0.415
29-Mar-09,0.191
30-Mar-09,0.265
31-Mar-09,0.441
1-Apr-09,0.365
2-Apr-09,0.503
3-Apr-09,0.364
4-Apr-09,0.429
5-Apr-09,0.479
6-Apr-09,0.348
7-Apr-09,0.522
8-Apr-09,0.412
9-Apr-09,0.588
10-Apr-09,0.726
11-Apr-09,0.475
12-Apr-09,0.461
13-Apr-09,0.559
14-Apr-09,0.648
15-Apr-09,0.682
16-Apr-09,0.683
17-Apr-09,0.833
18-Apr-09,0.717
19-Apr-09,0.663
20-Apr-09,0.533
21-Apr-09,0.339
22-Apr-09,0.654
23-Apr-09,0.629
24-Apr-09,0.842
25-Apr-09,0.846
26-Apr-09,1.134
27-Apr-09,0.685
28-Apr-09,1.448
29-Apr-09,0.841
30-Apr-09,0.862
1-May-09,0.663
2-May-09,0.678
3-May-09,0.742
4-May-09,0.811
5-May-09,0.398
6-May-09,0.478
7-May-09,0.4
8-May-09,0.752
9-May-09,0.61
10-May-09,0.52
11-May-09,0.593
12-May-09,0.707
13-May-09,0.807
14-May-09,0.439
15-May-09,0.838
16-May-09,0.514
17-May-09,0.594
18-May-09,0.612
19-May-09,0.714
20-May-09,0.919
21-May-09,1.245
22-May-09,1.223
23-May-09,0.686
24-May-09,0.881
25-May-09,0.838
26-May-09,0.615
27-May-09,0.337
28-May-09,0.336
29-May-09,0.381
30-May-09,0.749
31-May-09,0.683
1-Jun-09,0.591
2-Jun-09,0.727
3-Jun-09,0.845
4-Jun-09,0.775
5-Jun-09,0.541
6-Jun-09,0.495
7-Jun-09,0.818
8-Jun-09,0.781
9-Jun-09,0.437
10-Jun-09,0.45
11-Jun-09,0.348
12-Jun-09,0.481
13-Jun-09,0.763
14-Jun-09,0.399
15-Jun-09,0.406
16-Jun-09,0.649
17-Jun-09,0.72
18-Jun-09,0.45
19-Jun-09,0.351
20-Jun-09,0.437
21-Jun-09,0.432
22-Jun-09,0.469
23-Jun-09,0.431
24-Jun-09,0.519
25-Jun-09,0.569
26-Jun-09,0.49
27-Jun-09,0.551
28-Jun-09,0.43
29-Jun-09,0.374
30-Jun-09,0.452
1-Jul-09,0.447
2-Jul-09,0.422
3-Jul-09,0.511
4-Jul-09,0.636
5-Jul-09,0.553
6-Jul-09,0.719
7-Jul-09,0.356
8-Jul-09,0.335
9-Jul-09,0.674
10-Jul-09,0.729
11-Jul-09,0.518
12-Jul-09,0.703
13-Jul-09,0.698
14-Jul-09,0.699
15-Jul-09,0.758
16-Jul-09,0.474
17-Jul-09,0.647
18-Jul-09,0.525
19-Jul-09,0.947
20-Jul-09,0.91
21-Jul-09,0.465
22-Jul-09,0.638
23-Jul-09,0.589
24-Jul-09,0.362
25-Jul-09,0.527
26-Jul-09,0.548
27-Jul-09,0.728
28-Jul-09,0.846
29-Jul-09,0.778
30-Jul-09,0.805
31-Jul-09,0.743
1-Aug-09,0.838
2-Aug-09,0.562
3-Aug-09,0.889
4-Aug-09,0.618
5-Aug-09,0.906
6-Aug-09,0.777
7-Aug-09,0.765
8-Aug-09,0.853
9-Aug-09,0.578
10-Aug-09,0.529
11-Aug-09,0.672
12-Aug-09,0.544
13-Aug-09,0.617
14-Aug-09,0.722
15-Aug-09,0.962
16-Aug-09,1.028
17-Aug-09,1.092
18-Aug-09,1.243
19-Aug-09,1.266
20-Aug-09,1.046
21-Aug-09,0.547
22-Aug-09,0.76
23-Aug-09,0.997
24-Aug-09,0.776
25-Aug-09,0.857
26-Aug-09,0.984
27-Aug-09,0.829
28-Aug-09,0.686
29-Aug-09,0.255
30-Aug-09,0.492
31-Aug-09,0.508
1-Sep-09,0.652
2-Sep-09,0.717
3-Sep-09,0.72
4-Sep-09,0.848
5-Sep-09,0.954
6-Sep-09,0.663
7-Sep-09,0.493
8-Sep-09,0.66
9-Sep-09,0.686
10-Sep-09,0.528
11-Sep-09,0.426
12-Sep-09,0.306
13-Sep-09,0.663
14-Sep-09,0.688
15-Sep-09,0.792
16-Sep-09,0.468
17-Sep-09,0.463
18-Sep-09,0.717
19-Sep-09,0.586
20-Sep-09,0.694
21-Sep-09,0.856
22-Sep-09,0.554
23-Sep-09,0.722
24-Sep-09,0.768
25-Sep-09,0.521
26-Sep-09,0.46
27-Sep-09,0.151
28-Sep-09,0.633
29-Sep-09,0.616
30-Sep-09,0.348
1-Oct-09,0.369
2-Oct-09,0.412
3-Oct-09,0.219
4-Oct-09,0.565
5-Oct-09,0.622
6-Oct-09,0.614
7-Oct-09,0.412
8-Oct-09,0.518
9-Oct-09,0.243
10-Oct-09,0.306
11-Oct-09,0.501
12-Oct-09,0.471
13-Oct-09,0.196
14-Oct-09,0.331
15-Oct-09,0.315
16-Oct-09,0.266
17-Oct-09,0.273
18-Oct-09,0.233
19-Oct-09,0.415
20-Oct-09,0.387
21-Oct-09,0.488
22-Oct-09,0.335
23-Oct-09,0.344
24-Oct-09,0.172
25-Oct-09,0.432
26-Oct-09,0.467
27-Oct-09,0.265
28-Oct-09,0.282
29-Oct-09,0.36
30-Oct-09,0.359
31-Oct-09,0.381
1-Nov-09,0.545
2-Nov-09,0.337
3-Nov-09,0.298
4-Nov-09,0.337
5-Nov-09,0.228
6-Nov-09,0.271
7-Nov-09,0.263
8-Nov-09,0.568
9-Nov-09,0.508
10-Nov-09,0.664
11-Nov-09,0.384
12-Nov-09,0.371
13-Nov-09,0.313
14-Nov-09,0.116
15-Nov-09,0.301
16-Nov-09,0.38
17-Nov-09,0.35
18-Nov-09,0.353
19-Nov-09,0.371
20-Nov-09,0.273
21-Nov-09,0.383
22-Nov-09,0.293
23-Nov-09,0.189
24-Nov-09,0.22
25-Nov-09,0.21
26-Nov-09,0.265
27-Nov-09,0.128
28-Nov-09,0.215
29-Nov-09,0.275
30-Nov-09,0.193
1-Dec-09,0.289
2-Dec-09,0.328
3-Dec-09,0.45
4-Dec-09,0.454
5-Dec-09,0.291
6-Dec-09,0.215
7-Dec-09,0.211
8-Dec-09,0.227
9-Dec-09,0.215
10-Dec-09,0.22
11-Dec-09,0.197
12-Dec-09,0.156
13-Dec-09,0.174
14-Dec-09,0.236
15-Dec-09,0.228
16-Dec-09,0.279
17-Dec-09,0.119
18-Dec-09,0.104
19-Dec-09,0.142
20-Dec-09,0.14
21-Dec-09,0.166
22-Dec-09,0.15
23-Dec-09,0.144
24-Dec-09,0.178
25-Dec-09,0.205
26-Dec-09,0.167
27-Dec-09,0.225
28-Dec-09,0.193
29-Dec-09,0.178
30-Dec-09,0.147
1-Jan-10,0.095
2-Jan-10,0.17
3-Jan-10,0.228
4-Jan-10,0.212
5-Jan-10,0.21
6-Jan-10,0.235
7-Jan-10,0.144
8-Jan-10,0.083
9-Jan-10,0.114
10-Jan-10,0.192
11-Jan-10,0.18
12-Jan-10,0.139
13-Jan-10,0.166
14-Jan-10,0.175
15-Jan-10,0.308
16-Jan-10,0.327
17-Jan-10,0.131
18-Jan-10,0.124
19-Jan-10,0.12
20-Jan-10,0.133
21-Jan-10,0.191
22-Jan-10,0.206
23-Jan-10,0.285
24-Jan-10,0.312
25-Jan-10,0.414
26-Jan-10,0.299
27-Jan-10,0.273
28-Jan-10,0.154
29-Jan-10,0.149
30-Jan-10,0.194
31-Jan-10,0.221
1-Feb-10,0.238
2-Feb-10,0.243
3-Feb-10,0.174
4-Feb-10,0.229
5-Feb-10,0.222
6-Feb-10,0.236
7-Feb-10,0.249
8-Feb-10,0.328
9-Feb-10,0.36
10-Feb-10,0.271
11-Feb-10,0.349
12-Feb-10,0.336
13-Feb-10,0.332
14-Feb-10,0.401
15-Feb-10,0.343
16-Feb-10,0.266
17-Feb-10,0.324
18-Feb-10,0.409
19-Feb-10,0.388
20-Feb-10,0.401
21-Feb-10,0.387
22-Feb-10,0.414
23-Feb-10,0.277
24-Feb-10,0.27
25-Feb-10,0.293
26-Feb-10,0.288
27-Feb-10,0.235
28-Feb-10,0.255
1-Mar-10,0.304
2-Mar-10,0.405
3-Mar-10,0.258
4-Mar-10,0.318
5-Mar-10,0.451
6-Mar-10,0.686
7-Mar-10,0.716
8-Mar-10,0.59
9-Mar-10,0.401
10-Mar-10,0.512
11-Mar-10,0.433
12-Mar-10,0.359
13-Mar-10,0.392
14-Mar-10,0.222
15-Mar-10,0.424
16-Mar-10,0.78
17-Mar-10,0.943
18-Mar-10,0.839
19-Mar-10,0.687
20-Mar-10,0.996
21-Mar-10,0.353
22-Mar-10,0.288
23-Mar-10,0.086
24-Mar-10,0.285
25-Mar-10,0.619
26-Mar-10,0.219
27-Mar-10,0.394
28-Mar-10,0.334
29-Mar-10,0.267
30-Mar-10,0.215
31-Mar-10,0.232
1-Apr-10,0.621
2-Apr-10,0.57
3-Apr-10,0.912
4-Apr-10,0.997
5-Apr-10,0.816
6-Apr-10,0.467
7-Apr-10,1.145
8-Apr-10,0.243
9-Apr-10,0.128
10-Apr-10,0.655
11-Apr-10,0.639
12-Apr-10,0.541
13-Apr-10,0.664
14-Apr-10,0.786
15-Apr-10,0.624
16-Apr-10,0.163
17-Apr-10,0.198
18-Apr-10,0.397
19-Apr-10,0.717
20-Apr-10,0.903
21-Apr-10,0.965
22-Apr-10,0.798
23-Apr-10,0.446
24-Apr-10,0.857
25-Apr-10,0.628
26-Apr-10,0.62
27-Apr-10,0.104
28-Apr-10,0.292
29-Apr-10,0.566
30-Apr-10,1.169
1-May-10,1.365
2-May-10,1.095
3-May-10,0.899
4-May-10,1.048
5-May-10,1.074
6-May-10,0.865
7-May-10,0.842
8-May-10,0.14
9-May-10,0.392
10-May-10,0.465
11-May-10,0.708
12-May-10,0.653
13-May-10,0.938
14-May-10,0.681
15-May-10,0.667
16-May-10,0.996
17-May-10,1.008
18-May-10,0.719
19-May-10,0.245
20-May-10,1.037
21-May-10,0.854
22-May-10,0.807
23-May-10,0.894
24-May-10,1.335
25-May-10,1.443
26-May-10,1.135
27-May-10,0.75
28-May-10,1.008
29-May-10,0.895
30-May-10,0.971
31-May-10,1.013
1-Jun-10,0.265
2-Jun-10,0.459
3-Jun-10,0.116
4-Jun-10,0.747
5-Jun-10,0.619
6-Jun-10,0.027
7-Jun-10,0.795
8-Jun-10,0.8
9-Jun-10,0.921
10-Jun-10,0.182
11-Jun-10,0.635
12-Jun-10,0.425
13-Jun-10,0.35
14-Jun-10,0.524
15-Jun-10,0.96
16-Jun-10,0.704
17-Jun-10,0.517
18-Jun-10,1.372
19-Jun-10,1.341
20-Jun-10,1.121
21-Jun-10,1.064
22-Jun-10,1.229
23-Jun-10,0.888
24-Jun-10,0.821
25-Jun-10,1.102
26-Jun-10,0.825
27-Jun-10,0.76
28-Jun-10,0.602
29-Jun-10,0.474
30-Jun-10,0.84
1-Jul-10,0.849
2-Jul-10,1.213
3-Jul-10,1.439
4-Jul-10,1.612
5-Jul-10,1.755
6-Jul-10,1.222
7-Jul-10,0.849
8-Jul-10,0.773
9-Jul-10,0.83
10-Jul-10,0.606
11-Jul-10,0.684
12-Jul-10,0.828
13-Jul-10,0.677
14-Jul-10,0.588
15-Jul-10,0.824
16-Jul-10,0.819
17-Jul-10,1.109
18-Jul-10,1.094
19-Jul-10,0.796
20-Jul-10,0.654
21-Jul-10,0.8
22-Jul-10,0.934
23-Jul-10,1.018
24-Jul-10,0.682
25-Jul-10,0.789
26-Jul-10,1.221
27-Jul-10,1.508
28-Jul-10,1.255
29-Jul-10,0.677
30-Jul-10,0.822
31-Jul-10,0.859
1-Aug-10,0.895
2-Aug-10,0.838
3-Aug-10,0.846
4-Aug-10,1.083
5-Aug-10,0.417
6-Aug-10,0.801
7-Aug-10,1.107
8-Aug-10,1.247
9-Aug-10,1.235
10-Aug-10,1.059
11-Aug-10,0.895
12-Aug-10,0.846
13-Aug-10,0.92
14-Aug-10,1.048
15-Aug-10,0.93
16-Aug-10,0.526
17-Aug-10,0.962
18-Aug-10,1.173
19-Aug-10,1.096
20-Aug-10,0.894
21-Aug-10,1.011
22-Aug-10,0.418
23-Aug-10,0.451
24-Aug-10,0.594
25-Aug-10,0.36
26-Aug-10,0.736
27-Aug-10,0.949
28-Aug-10,1.32
29-Aug-10,1.57
30-Aug-10,1.705
31-Aug-10,1.707
1-Sep-10,1.749
2-Sep-10,1.621
3-Sep-10,1.04
4-Sep-10,0.667
5-Sep-10,0.794
6-Sep-10,0.967
7-Sep-10,0.959
8-Sep-10,0.644
9-Sep-10,0.591
10-Sep-10,0.505
11-Sep-10,0.589
12-Sep-10,0.285
13-Sep-10,0.393
14-Sep-10,0.62
15-Sep-10,0.666
16-Sep-10,0.652
17-Sep-10,0.228
18-Sep-10,0.558
19-Sep-10,0.351
20-Sep-10,0.553
21-Sep-10,0.904
22-Sep-10,0.649
23-Sep-10,0.792
24-Sep-10,0.364
25-Sep-10,0.867
26-Sep-10,0.129
27-Sep-10,0.22
28-Sep-10,0.262
29-Sep-10,0.647
30-Sep-10,0.299
1-Oct-10,0.139
2-Oct-10,0.402
3-Oct-10,0.505
4-Oct-10,0.607
5-Oct-10,0.598
6-Oct-10,0.241
7-Oct-10,0.484
8-Oct-10,0.79
9-Oct-10,0.539
10-Oct-10,0.729
11-Oct-10,0.64
12-Oct-10,0.567
13-Oct-10,0.516
14-Oct-10,0.337
15-Oct-10,0.146
16-Oct-10,0.404
17-Oct-10,0.509
18-Oct-10,0.472
19-Oct-10,0.569
20-Oct-10,0.44
21-Oct-10,0.126
22-Oct-10,0.401
23-Oct-10,0.46
24-Oct-10,0.362
25-Oct-10,0.151
26-Oct-10,0.45
27-Oct-10,0.149
28-Oct-10,0.498
29-Oct-10,0.323
30-Oct-10,0.298
31-Oct-10,0.239
1-Nov-10,0.409
2-Nov-10,0.359
3-Nov-10,0.366
4-Nov-10,0.155
5-Nov-10,0.108
6-Nov-10,0.144
7-Nov-10,0.259
8-Nov-10,0.288
9-Nov-10,0.271
10-Nov-10,0.373
11-Nov-10,0.587
12-Nov-10,0.739
13-Nov-10,0.84
14-Nov-10,0.424
15-Nov-10,0.304
16-Nov-10,0.401
17-Nov-10,0.25
18-Nov-10,0.328
19-Nov-10,0.329
20-Nov-10,0.397
21-Nov-10,0.319
22-Nov-10,0.135
23-Nov-10,0
24-Nov-10,0.238
25-Nov-10,0.314
26-Nov-10,0.126
27-Nov-10,0.252
28-Nov-10,0.306
29-Nov-10,0.326
30-Nov-10,0.19
1-Dec-10,0.233
2-Dec-10,0.18
3-Dec-10,0.27
4-Dec-10,0.202
5-Dec-10,0.16
6-Dec-10,0.194
7-Dec-10,0.252
8-Dec-10,0.187
9-Dec-10,0.149
10-Dec-10,0.195
11-Dec-10,0.17
12-Dec-10,0.314
13-Dec-10,0.114
14-Dec-10,0.078
15-Dec-10,0.16
16-Dec-10,0.185
17-Dec-10,0.182
18-Dec-10,0.221
19-Dec-10,0.221
20-Dec-10,0.221
21-Dec-10,0.252
22-Dec-10,0.232
23-Dec-10,0.198
24-Dec-10,0.226
25-Dec-10,0.185
26-Dec-10,0.131
27-Dec-10,0.088
28-Dec-10,0.237
29-Dec-10,0.19
30-Dec-10,0.319
1-Jan-11,0.318
2-Jan-11,0.272
3-Jan-11,0.227
4-Jan-11,0.301
5-Jan-11,0.263
6-Jan-11,0.252
7-Jan-11,0.266
8-Jan-11,0.217
9-Jan-11,0.174
10-Jan-11,0.225
11-Jan-11,0.201
12-Jan-11,0.204
13-Jan-11,0.149
14-Jan-11,0.16
15-Jan-11,0.177
16-Jan-11,0.143
17-Jan-11,0.115
18-Jan-11,0.226
19-Jan-11,0.119
20-Jan-11,0.144
21-Jan-11,0.105
22-Jan-11,0.113
23-Jan-11,0.069
24-Jan-11,0.069
25-Jan-11,0.147
26-Jan-11,0.166
27-Jan-11,0.131
28-Jan-11,0.191
29-Jan-11,0.228
30-Jan-11,0.148
31-Jan-11,0.115
1-Feb-11,0.193
2-Feb-11,0.14
3-Feb-11,0.135
4-Feb-11,0.211
5-Feb-11,0.258
6-Feb-11,0.178
7-Feb-11,0.242
8-Feb-11,0.074
9-Feb-11,0.168
10-Feb-11,0.183
11-Feb-11,0.224
12-Feb-11,0.258
13-Feb-11,0.229
14-Feb-11,0.28
15-Feb-11,0.179
16-Feb-11,0.242
17-Feb-11,0.267
18-Feb-11,0.33
19-Feb-11,0.214
20-Feb-11,0.21
21-Feb-11,0.118
22-Feb-11,0.208
23-Feb-11,0.252
24-Feb-11,0.266
25-Feb-11,0.169
26-Feb-11,0.19
27-Feb-11,0.197
28-Feb-11,0.244
1-Mar-11,0.188
2-Mar-11,0.207
3-Mar-11,0.138
4-Mar-11,0.231
5-Mar-11,0.239
6-Mar-11,0.302
7-Mar-11,0.17
8-Mar-11,0.336
9-Mar-11,0.295
10-Mar-11,0.294
11-Mar-11,0.308
12-Mar-11,0.29
13-Mar-11,0.415
14-Mar-11,0.302
15-Mar-11,0.409
16-Mar-11,0.275
17-Mar-11,0.507
18-Mar-11,0.797
19-Mar-11,0.248
20-Mar-11,0.451
21-Mar-11,0.366
22-Mar-11,0.251
23-Mar-11,0.311
24-Mar-11,0.337
25-Mar-11,0.352
26-Mar-11,0.347
27-Mar-11,0.357
28-Mar-11,0.395
29-Mar-11,0.378
30-Mar-11,0.442
31-Mar-11,0.412
1-Apr-11,0.25
2-Apr-11,0.432
3-Apr-11,0.505
4-Apr-11,0.391
5-Apr-11,0.303
6-Apr-11,0.369
7-Apr-11,0.526
8-Apr-11,0.553
9-Apr-11,0.632
10-Apr-11,0.689
11-Apr-11,0.573
12-Apr-11,0.439
13-Apr-11,0.309
14-Apr-11,0.579
15-Apr-11,0.392
16-Apr-11,0.395
17-Apr-11,0.466
18-Apr-11,0.509
19-Apr-11,0.517
20-Apr-11,0.311
21-Apr-11,0.31
22-Apr-11,0.564
23-Apr-11,0.294
24-Apr-11,0.649
25-Apr-11,0.385
26-Apr-11,0.524
27-Apr-11,0.664
28-Apr-11,0.624
29-Apr-11,0.749
30-Apr-11,0.502
1-May-11,0.63
2-May-11,0.766
3-May-11,0.481
4-May-11,0.488
5-May-11,0.25
6-May-11,0.769
7-May-11,0.713
8-May-11,0.614
9-May-11,0.659
10-May-11,0.42
11-May-11,0.651
12-May-11,0.577
13-May-11,0.628
14-May-11,0.462
15-May-11,0.394
16-May-11,0.322
17-May-11,0.451
18-May-11,0.53
19-May-11,0.579
20-May-11,0.642
21-May-11,0.536
22-May-11,0.389
23-May-11,0.442
24-May-11,0.953
25-May-11,0.711
26-May-11,0.697
27-May-11,0.849
28-May-11,0.677
29-May-11,0.823
30-May-11,0.989
31-May-11,0.937
1-Jun-11,1
2-Jun-11,0.389
3-Jun-11,0.635
4-Jun-11,0.751
5-Jun-11,0.712
6-Jun-11,0.95
7-Jun-11,0.919
8-Jun-11,0.951
9-Jun-11,1.309
10-Jun-11,0.572
11-Jun-11,0.382
12-Jun-11,0.379
13-Jun-11,0.598
14-Jun-11,0.509
15-Jun-11,0.968
16-Jun-11,1.062
17-Jun-11,0.915
18-Jun-11,0.772
19-Jun-11,0.629
20-Jun-11,1.001
21-Jun-11,1.187
22-Jun-11,0.844
23-Jun-11,0.359
24-Jun-11,0.287
25-Jun-11,0.522
26-Jun-11,0.758
27-Jun-11,0.972
28-Jun-11,0.819
29-Jun-11,0.737
30-Jun-11,0.671
1-Jul-11,0.844
2-Jul-11,0.718
3-Jul-11,0.681
4-Jul-11,0.842
5-Jul-11,1.077
6-Jul-11,1.125
7-Jul-11,0.843
8-Jul-11,0.923
9-Jul-11,0.762
10-Jul-11,1.065
11-Jul-11,1.096
12-Jul-11,1.126
13-Jul-11,1.011
14-Jul-11,0.875
15-Jul-11,1.131
16-Jul-11,1.319
17-Jul-11,1.373
18-Jul-11,1.209
19-Jul-11,0.949
20-Jul-11,1.271
21-Jul-11,1.445
22-Jul-11,1.299
23-Jul-11,1.621
24-Jul-11,0.99
25-Jul-11,0.939
26-Jul-11,0.76
27-Jul-11,0.966
28-Jul-11,1.109
29-Jul-11,0.897
30-Jul-11,1.22
31-Jul-11,1.228
1-Aug-11,1.159
2-Aug-11,0.863
3-Aug-11,0.876
4-Aug-11,0.711
5-Aug-11,0.796
6-Aug-11,1.08
7-Aug-11,0.441
8-Aug-11,0.879
9-Aug-11,0.912
10-Aug-11,0.467
11-Aug-11,0.901
12-Aug-11,1.04
13-Aug-11,1.153
14-Aug-11,1.046
15-Aug-11,0.381
16-Aug-11,0.344
17-Aug-11,1.039
18-Aug-11,1.057
19-Aug-11,0.993
20-Aug-11,0.824
21-Aug-11,0.88
22-Aug-11,0.575
23-Aug-11,0.95
24-Aug-11,1.197
25-Aug-11,0.774
26-Aug-11,0.964
27-Aug-11,1.009
28-Aug-11,0.217
29-Aug-11,0.596
30-Aug-11,0.94
31-Aug-11,0.979
1-Sep-11,0.615
2-Sep-11,0.666
3-Sep-11,0.87
4-Sep-11,0.711
5-Sep-11,0.714
6-Sep-11,0.195
7-Sep-11,0.229
8-Sep-11,0.453
9-Sep-11,0.79
10-Sep-11,0.68
11-Sep-11,0.574
12-Sep-11,0.869
13-Sep-11,0.71
14-Sep-11,0.849
15-Sep-11,0.205
16-Sep-11,0.381
17-Sep-11,0.594
18-Sep-11,0.676
19-Sep-11,0.662
20-Sep-11,0.456
21-Sep-11,0.674
22-Sep-11,0.482
23-Sep-11,0.599
24-Sep-11,0.665
25-Sep-11,0.878
26-Sep-11,0.854
27-Sep-11,0.763
28-Sep-11,0.522
29-Sep-11,0.367
30-Sep-11,0.555
1-Oct-11,0.315
2-Oct-11,0.231
3-Oct-11,0.543
4-Oct-11,0.271
5-Oct-11,0.281
6-Oct-11,0.453
7-Oct-11,0.585
8-Oct-11,0.993
9-Oct-11,1.221
10-Oct-11,0.944
11-Oct-11,0.61
12-Oct-11,0.448
13-Oct-11,0.339
14-Oct-11,0.346
15-Oct-11,0.395
16-Oct-11,0.517
17-Oct-11,0.495
18-Oct-11,0.6
19-Oct-11,0.435
20-Oct-11,0.42
21-Oct-11,0.349
22-Oct-11,0.437
23-Oct-11,0.458
24-Oct-11,0.434
25-Oct-11,0.334
26-Oct-11,0.399
27-Oct-11,0.186
28-Oct-11,0.248
29-Oct-11,0.358
30-Oct-11,0.185
31-Oct-11,0.327
1-Nov-11,0.377
2-Nov-11,0.412
3-Nov-11,0.404
4-Nov-11,0.234
5-Nov-11,0.378
6-Nov-11,0.497
7-Nov-11,0.487
8-Nov-11,0.645
9-Nov-11,0.495
10-Nov-11,0.328
11-Nov-11,0.166
12-Nov-11,0.377
13-Nov-11,0.453
14-Nov-11,0.587
15-Nov-11,0.518
16-Nov-11,0.51
17-Nov-11,0.22
18-Nov-11,0.328
19-Nov-11,0.411
20-Nov-11,0.426
21-Nov-11,0.284
22-Nov-11,0.377
23-Nov-11,0.158
24-Nov-11,0.226
25-Nov-11,0.352
26-Nov-11,0.517
27-Nov-11,0.318
28-Nov-11,0.495
29-Nov-11,0.354
30-Nov-11,0.257
1-Dec-11,0.225
2-Dec-11,0.365
3-Dec-11,0.262
4-Dec-11,0.314
5-Dec-11,0.342
6-Dec-11,0.313
7-Dec-11,0.164
8-Dec-11,0.192
9-Dec-11,0.339
10-Dec-11,0.196
11-Dec-11,0.278
12-Dec-11,0.377
13-Dec-11,0.313
14-Dec-11,0.255
15-Dec-11,0.325
16-Dec-11,0.181
17-Dec-11,0.215
18-Dec-11,0.221
19-Dec-11,0.297
20-Dec-11,0.233
21-Dec-11,0.272
22-Dec-11,0.254
23-Dec-11,0.094
24-Dec-11,0.17
25-Dec-11,0.253
26-Dec-11,0.171
27-Dec-11,0.316
28-Dec-11,0.12
29-Dec-11,0.193
30-Dec-11,0.29
1-Jan-12,0.271
2-Jan-12,0.255
3-Jan-12,0.202
4-Jan-12,0.221
5-Jan-12,0.312
6-Jan-12,0.274
7-Jan-12,0.287
8-Jan-12,0.265
9-Jan-12,0.288
10-Jan-12,0.317
11-Jan-12,0.253
12-Jan-12,0.236
13-Jan-12,0.215
14-Jan-12,0.142
15-Jan-12,0.112
16-Jan-12,0.215
17-Jan-12,0.256
18-Jan-12,0.16
19-Jan-12,0.259
20-Jan-12,0.153
21-Jan-12,0.127
22-Jan-12,0.156
23-Jan-12,0.251
24-Jan-12,0.332
25-Jan-12,0.259
26-Jan-12,0.351
27-Jan-12,0.264
28-Jan-12,0.254
29-Jan-12,0.294
30-Jan-12,0.258
31-Jan-12,0.299
1-Feb-12,0.3
2-Feb-12,0.191
3-Feb-12,0.319
4-Feb-12,0.305
5-Feb-12,0.283
6-Feb-12,0.4
7-Feb-12,0.288
8-Feb-12,0.352
9-Feb-12,0.387
10-Feb-12,0.423
11-Feb-12,0.213
12-Feb-12,0.196
13-Feb-12,0.306
14-Feb-12,0.452
15-Feb-12,0.324
16-Feb-12,0.407
17-Feb-12,0.354
18-Feb-12,0.398
19-Feb-12,0.384
20-Feb-12,0.33
21-Feb-12,0.392
22-Feb-12,0.351
23-Feb-12,0.374
24-Feb-12,0.336
25-Feb-12,0.255
26-Feb-12,0.34
27-Feb-12,0.417
28-Feb-12,0.292
29-Feb-12,0.252
1-Mar-12,0.151
2-Mar-12,0.2
3-Mar-12,0.201
4-Mar-12,0.3
5-Mar-12,0.184
6-Mar-12,0.266
7-Mar-12,0.405
8-Mar-12,0.61
9-Mar-12,0.409
10-Mar-12,0.36
11-Mar-12,0.471
12-Mar-12,0.725
13-Mar-12,0.537
14-Mar-12,0.179
15-Mar-12,0.353
16-Mar-12,0.286
17-Mar-12,0.474
18-Mar-12,0.82
19-Mar-12,0.625
20-Mar-12,0.8
21-Mar-12,1.1
22-Mar-12,1.266
23-Mar-12,0.63
24-Mar-12,0.56
25-Mar-12,0.361
26-Mar-12,0.208
27-Mar-12,0.453
28-Mar-12,0.464
29-Mar-12,0.236
30-Mar-12,0.394
31-Mar-12,0.478
1-Apr-12,0.475
2-Apr-12,0.378
3-Apr-12,0.568
4-Apr-12,0.533
5-Apr-12,0.433
6-Apr-12,0.451
7-Apr-12,0.438
8-Apr-12,0.44
9-Apr-12,0.511
10-Apr-12,0.602
11-Apr-12,0.605
12-Apr-12,0.573
13-Apr-12,0.727
14-Apr-12,0.945
15-Apr-12,1.056
16-Apr-12,0.834
17-Apr-12,1.024
18-Apr-12,0.581
19-Apr-12,0.685
20-Apr-12,0.805
21-Apr-12,0.61
22-Apr-12,0.277
23-Apr-12,0.406
24-Apr-12,0.319
25-Apr-12,0.568
26-Apr-12,0.568
27-Apr-12,0.245
28-Apr-12,0.501
29-Apr-12,0.559
30-Apr-12,0.643
1-May-12,0.285
2-May-12,0.383
3-May-12,0.356
4-May-12,0.314
5-May-12,0.571
6-May-12,0.539
7-May-12,0.83
8-May-12,0.378
9-May-12,0.555
10-May-12,0.347
11-May-12,0.562
12-May-12,0.992
13-May-12,0.846
14-May-12,0.618
15-May-12,0.602
16-May-12,0.71
17-May-12,0.607
18-May-12,0.982
19-May-12,1.078
20-May-12,1.052
21-May-12,0.779
22-May-12,0.548
23-May-12,0.737
24-May-12,0.517
25-May-12,0.605
26-May-12,1.187
27-May-12,0.96
28-May-12,0.677
29-May-12,0.694
30-May-12,0.824
31-May-12,0.828
1-Jun-12,0.729
2-Jun-12,0.399
3-Jun-12,0.278
4-Jun-12,0.377
5-Jun-12,0.391
6-Jun-12,0.584
7-Jun-12,0.661
8-Jun-12,0.743
9-Jun-12,0.927
10-Jun-12,1.063
11-Jun-12,0.671
12-Jun-12,0.815
13-Jun-12,0.712
14-Jun-12,0.752
15-Jun-12,0.898
16-Jun-12,0.649
17-Jun-12,0.598
18-Jun-12,0.592
19-Jun-12,0.821
20-Jun-12,1.379
21-Jun-12,1.336
22-Jun-12,1.326
23-Jun-12,0.825
24-Jun-12,1.26
25-Jun-12,0.997
26-Jun-12,0.683
27-Jun-12,0.713
28-Jun-12,1.157
29-Jun-12,1.405
30-Jun-12,1.529
1-Jul-12,1.534
2-Jul-12,1.161
3-Jul-12,1.253
4-Jul-12,1.067
5-Jul-12,1.182
6-Jul-12,1.422
7-Jul-12,1.121
8-Jul-12,1.031
9-Jul-12,1.149
10-Jul-12,1.348
11-Jul-12,1.472
12-Jul-12,1.358
13-Jul-12,1.65
14-Jul-12,1.798
15-Jul-12,1.511
16-Jul-12,1.033
17-Jul-12,1.262
18-Jul-12,1.178
19-Jul-12,0.925
20-Jul-12,1.116
21-Jul-12,1.199
22-Jul-12,1.277
23-Jul-12,1.227
24-Jul-12,1.153
25-Jul-12,1.173
26-Jul-12,1.066
27-Jul-12,0.761
28-Jul-12,0.955
29-Jul-12,0.864
30-Jul-12,1.192
31-Jul-12,0.989
1-Aug-12,0.985
2-Aug-12,1.067
3-Aug-12,1.433
4-Aug-12,1.248
5-Aug-12,1.091
6-Aug-12,1.061
7-Aug-12,1.139
8-Aug-12,1.3
9-Aug-12,1.205
10-Aug-12,0.739
11-Aug-12,0.814
12-Aug-12,0.804
13-Aug-12,1.145
14-Aug-12,1.246
15-Aug-12,1.116
16-Aug-12,0.638
17-Aug-12,1.212
18-Aug-12,0.99
19-Aug-12,0.897
20-Aug-12,1.056
21-Aug-12,1.132
22-Aug-12,1.179
23-Aug-12,1.305
24-Aug-12,1.34
25-Aug-12,0.982
26-Aug-12,1.167
27-Aug-12,1.157
28-Aug-12,1.019
29-Aug-12,0.866
30-Aug-12,1.291
31-Aug-12,1.353
1-Sep-12,0.854
2-Sep-12,0.701
3-Sep-12,0.843
4-Sep-12,0.474
5-Sep-12,0.739
6-Sep-12,0.832
7-Sep-12,1.15
8-Sep-12,0.962
9-Sep-12,0.662
10-Sep-12,0.629
11-Sep-12,0.856
12-Sep-12,1.116
13-Sep-12,1.171
14-Sep-12,1.027
15-Sep-12,0.569
16-Sep-12,0.662
17-Sep-12,0.962
18-Sep-12,0.572
19-Sep-12,0.272
20-Sep-12,0.676
21-Sep-12,0.693
22-Sep-12,0.711
23-Sep-12,0.541
24-Sep-12,0.704
25-Sep-12,0.897
26-Sep-12,0.747
27-Sep-12,0.396
28-Sep-12,0.49
29-Sep-12,0.39
30-Sep-12,0.287
1-Oct-12,0.511
2-Oct-12,0.816
3-Oct-12,0.537
4-Oct-12,0.355
5-Oct-12,0.786
6-Oct-12,0.765
7-Oct-12,0.493
8-Oct-12,0.514
9-Oct-12,0.477
10-Oct-12,0.434
11-Oct-12,0.458
12-Oct-12,0.325
13-Oct-12,0.498
14-Oct-12,0.437
15-Oct-12,0.831
16-Oct-12,0.152
17-Oct-12,0.533
18-Oct-12,0.631
19-Oct-12,0.4
20-Oct-12,0.615
21-Oct-12,0.454
22-Oct-12,0.539
23-Oct-12,0.561
24-Oct-12,0.513
25-Oct-12,0.57
26-Oct-12,0.551
27-Oct-12,0.557
28-Oct-12,0.437
29-Oct-12,0.42
30-Oct-12,0.448
31-Oct-12,0.346
1-Nov-12,0.374
2-Nov-12,0.389
3-Nov-12,0.331
4-Nov-12,0.424
5-Nov-12,0.257
6-Nov-12,0.352
7-Nov-12,0.332
8-Nov-12,0.222
9-Nov-12,0.349
10-Nov-12,0.384
11-Nov-12,0.433
12-Nov-12,0.577
13-Nov-12,0.187
14-Nov-12,0.285
15-Nov-12,0.298
16-Nov-12,0.338
17-Nov-12,0.303
18-Nov-12,0.355
19-Nov-12,0.358
20-Nov-12,0.345
21-Nov-12,0.326
22-Nov-12,0.326
23-Nov-12,0.311
24-Nov-12,0.199
25-Nov-12,0.322
26-Nov-12,0.329
27-Nov-12,0.312
28-Nov-12,0.203
29-Nov-12,0.314
30-Nov-12,0.277
1-Dec-12,0.327
2-Dec-12,0.365
3-Dec-12,0.336
4-Dec-12,0.334
5-Dec-12,0.294
6-Dec-12,0.328
7-Dec-12,0.352
8-Dec-12,0.245
9-Dec-12,0.293
10-Dec-12,0.379
11-Dec-12,0.239
12-Dec-12,0.265
13-Dec-12,0.333
14-Dec-12,0.347
15-Dec-12,0.224
16-Dec-12,0.245
17-Dec-12,0.251
18-Dec-12,0.245
19-Dec-12,0.182
20-Dec-12,0.22
21-Dec-12,0.286
22-Dec-12,0.143
23-Dec-12,0.294
24-Dec-12,0.258
25-Dec-12,0.208
26-Dec-12,0.261
27-Dec-12,0.202
28-Dec-12,0.158
29-Dec-12,0.21
30-Dec-12,0.119
1-Jan-13,0.186
2-Jan-13,0.157
3-Jan-13,0.145
4-Jan-13,0.229
5-Jan-13,0.197
6-Jan-13,0.216
7-Jan-13,0.171
8-Jan-13,0.313
9-Jan-13,0.277
10-Jan-13,0.256
11-Jan-13,0.284
12-Jan-13,0.296
13-Jan-13,0.345
14-Jan-13,0.48
15-Jan-13,0.301
16-Jan-13,0.246
17-Jan-13,0.134
18-Jan-13,0.14
19-Jan-13,0.275
20-Jan-13,0.219
21-Jan-13,0.209
22-Jan-13,0.12
23-Jan-13,0.086
24-Jan-13,0.105
25-Jan-13,0.151
26-Jan-13,0.163
27-Jan-13,0.168
28-Jan-13,0.204
29-Jan-13,0.227
30-Jan-13,0.299
31-Jan-13,0.231
1-Feb-13,0.193
2-Feb-13,0.208
3-Feb-13,0.241
4-Feb-13,0.213
5-Feb-13,0.231
6-Feb-13,0.255
7-Feb-13,0.17
8-Feb-13,0.235
9-Feb-13,0.139
10-Feb-13,0.29
11-Feb-13,0.305
12-Feb-13,0.242
13-Feb-13,0.28
14-Feb-13,0.346
15-Feb-13,0.364
16-Feb-13,0.228
17-Feb-13,0.147
18-Feb-13,0.259
19-Feb-13,0.363
20-Feb-13,0.236
21-Feb-13,0.256
22-Feb-13,0.305
23-Feb-13,0.25
24-Feb-13,0.226
25-Feb-13,0.243
26-Feb-13,0.321
27-Feb-13,0.263
28-Feb-13,0.392
1-Mar-13,0.311
2-Mar-13,0.308
3-Mar-13,0.263
4-Mar-13,0.331
5-Mar-13,0.31
6-Mar-13,0.217
7-Mar-13,0.31
8-Mar-13,0.358
9-Mar-13,0.394
10-Mar-13,0.322
11-Mar-13,0.367
12-Mar-13,0.396
13-Mar-13,0.336
14-Mar-13,0.295
15-Mar-13,0.384
16-Mar-13,0.354
17-Mar-13,0.3
18-Mar-13,0.363
19-Mar-13,0.255
20-Mar-13,0.249
21-Mar-13,0.353
22-Mar-13,0.335
23-Mar-13,0.386
24-Mar-13,0.392
25-Mar-13,0.341
26-Mar-13,0.411
27-Mar-13,0.466
28-Mar-13,0.475
29-Mar-13,0.574
30-Mar-13,0.591
31-Mar-13,0.702
1-Apr-13,0.432
2-Apr-13,0.361
3-Apr-13,0.471
4-Apr-13,0.556
5-Apr-13,0.578
6-Apr-13,0.388
7-Apr-13,0.484
8-Apr-13,0.604
9-Apr-13,0.542
10-Apr-13,0.451
11-Apr-13,0.267
12-Apr-13,0.295
13-Apr-13,0.329
14-Apr-13,0.409
15-Apr-13,0.541
16-Apr-13,0.466
17-Apr-13,0.522
18-Apr-13,0.635
19-Apr-13,0.84
20-Apr-13,0.396
21-Apr-13,0.49
22-Apr-13,0.493
23-Apr-13,0.374
24-Apr-13,0.592
25-Apr-13,0.553
26-Apr-13,0.722
27-Apr-13,0.77
28-Apr-13,0.87
29-Apr-13,0.801
30-Apr-13,0.907
1-May-13,0.884
2-May-13,0.907
3-May-13,0.7
4-May-13,0.606
5-May-13,0.731
6-May-13,0.711
7-May-13,0.936
8-May-13,0.892
9-May-13,0.831
10-May-13,1.071
11-May-13,0.813
12-May-13,0.641
13-May-13,0.608
14-May-13,0.676
15-May-13,0.861
16-May-13,1.05
17-May-13,0.883
18-May-13,0.929
19-May-13,0.782
20-May-13,1.076
21-May-13,0.521
22-May-13,0.786
23-May-13,1.16
24-May-13,0.63
25-May-13,0.201
26-May-13,0.44
27-May-13,0.847
28-May-13,1.09
29-May-13,0.511
30-May-13,1.438
31-May-13,1.935
1-Jun-13,1.978
2-Jun-13,1.477
3-Jun-13,0.954
4-Jun-13,0.594
5-Jun-13,0.979
6-Jun-13,1.017
7-Jun-13,0.446
8-Jun-13,0.628
9-Jun-13,0.945
10-Jun-13,1.119
11-Jun-13,0.413
12-Jun-13,0.508
13-Jun-13,0.89
14-Jun-13,1.022
15-Jun-13,1.06
16-Jun-13,1.116
17-Jun-13,1.256
18-Jun-13,0.797
19-Jun-13,1.065
20-Jun-13,1.274
21-Jun-13,1.424
22-Jun-13,1.343
23-Jun-13,1.389
24-Jun-13,1.705
25-Jun-13,1.771
26-Jun-13,0.905
27-Jun-13,0.655
28-Jun-13,0.891
29-Jun-13,1.047
30-Jun-13,1.267
1-Jul-13,1.118
2-Jul-13,0.735
3-Jul-13,1.314
4-Jul-13,1.629
5-Jul-13,1.723
6-Jul-13,1.475
7-Jul-13,1.706
8-Jul-13,1.029
9-Jul-13,0.767
10-Jul-13,0.778
11-Jul-13,1.113
12-Jul-13,1.028
13-Jul-13,1.102
14-Jul-13,1.557
15-Jul-13,1.631
16-Jul-13,1.767
17-Jul-13,1.692
18-Jul-13,1.505
19-Jul-13,1.732
20-Jul-13,1.472
21-Jul-13,1.064
22-Jul-13,1.031
23-Jul-13,0.653
24-Jul-13,0.993
25-Jul-13,0.924
26-Jul-13,0.633
27-Jul-13,0.977
28-Jul-13,0.722
29-Jul-13,0.847
30-Jul-13,0.806
31-Jul-13,1.186
1-Aug-13,1.011
2-Aug-13,0.817
3-Aug-13,1.026
4-Aug-13,0.901
5-Aug-13,0.988
6-Aug-13,1.124
7-Aug-13,1.171
8-Aug-13,0.946
9-Aug-13,0.517
10-Aug-13,0.727
11-Aug-13,1.004
12-Aug-13,1.244
13-Aug-13,0.924
14-Aug-13,0.722
15-Aug-13,1.021
16-Aug-13,1.196
17-Aug-13,1.214
18-Aug-13,1.249
19-Aug-13,1.44
20-Aug-13,1.57
21-Aug-13,1.489
22-Aug-13,1.579
23-Aug-13,0.84
24-Aug-13,1.2
25-Aug-13,1.429
26-Aug-13,1.388
27-Aug-13,1.186
28-Aug-13,1.093
29-Aug-13,0.537
30-Aug-13,1.156
31-Aug-13,1.055
1-Sep-13,0.86
2-Sep-13,0.248
3-Sep-13,0.72
4-Sep-13,0.762
5-Sep-13,0.462
6-Sep-13,0.772
7-Sep-13,0.975
8-Sep-13,0.303
9-Sep-13,0.831
10-Sep-13,0.683
11-Sep-13,1.228
12-Sep-13,0.675
13-Sep-13,0.117
14-Sep-13,0.531
15-Sep-13,0.699
16-Sep-13,0.276
17-Sep-13,0.552
18-Sep-13,0.891
19-Sep-13,0.978
20-Sep-13,0.96
21-Sep-13,0.662
22-Sep-13,0.362
23-Sep-13,0.441
24-Sep-13,0.59
25-Sep-13,0.533
26-Sep-13,0.657
27-Sep-13,0.631
28-Sep-13,0.729
29-Sep-13,0.589
30-Sep-13,0.644
1-Oct-13,0.855
2-Oct-13,1.324
3-Oct-13,1.113
4-Oct-13,1.035
5-Oct-13,0.745
6-Oct-13,0.56
7-Oct-13,0.646
8-Oct-13,0.393
9-Oct-13,0.709
10-Oct-13,0.764
11-Oct-13,0.785
12-Oct-13,0.626
13-Oct-13,0.493
14-Oct-13,0.704
15-Oct-13,0.56
16-Oct-13,0.559
17-Oct-13,0.693
18-Oct-13,0.623
19-Oct-13,0.726
20-Oct-13,0.457
21-Oct-13,0.674
22-Oct-13,0.454
23-Oct-13,0.405
24-Oct-13,0.502
25-Oct-13,0.451
26-Oct-13,0.533
27-Oct-13,0.453
28-Oct-13,0.468
29-Oct-13,0.398
30-Oct-13,0.465
31-Oct-13,0.451
1-Nov-13,0.437
2-Nov-13,0.592
3-Nov-13,0.259
4-Nov-13,0.359
5-Nov-13,0.354
6-Nov-13,0.435
7-Nov-13,0.242
8-Nov-13,0.25
9-Nov-13,0.401
10-Nov-13,0.339
11-Nov-13,0.33
12-Nov-13,0.283
13-Nov-13,0.272
14-Nov-13,0.431
15-Nov-13,0.579
16-Nov-13,0.591
17-Nov-13,0.334
18-Nov-13,0.502
19-Nov-13,0.3
20-Nov-13,0.339
21-Nov-13,0.424
22-Nov-13,0.331
23-Nov-13,0.17
24-Nov-13,0.219
25-Nov-13,0.262
26-Nov-13,0.29
27-Nov-13,0.246
28-Nov-13,0.113
29-Nov-13,0.231
30-Nov-13,0.234
1-Dec-13,0.195
2-Dec-13,0.199
3-Dec-13,0.231
4-Dec-13,0.235
5-Dec-13,0.309
6-Dec-13,0.208
7-Dec-13,0.226
8-Dec-13,0.306
9-Dec-13,0.284
10-Dec-13,0.152
11-Dec-13,0.242
12-Dec-13,0.185
13-Dec-13,0.151
14-Dec-13,0.178
15-Dec-13,0.162
16-Dec-13,0.104
17-Dec-13,0.149
18-Dec-13,0.152
19-Dec-13,0.183
20-Dec-13,0.231
21-Dec-13,0.222
22-Dec-13,0.161
23-Dec-13,0.165
24-Dec-13,0.128
25-Dec-13,0.131
26-Dec-13,0.175
27-Dec-13,0.167
28-Dec-13,0.213
29-Dec-13,0.224
30-Dec-13,0.059
1-Jan-14,0.103
2-Jan-14,0.028
3-Jan-14,0.059
4-Jan-14,0.118
5-Jan-14,0.256
6-Jan-14,0.302
7-Jan-14,0.06
8-Jan-14,0.164
9-Jan-14,0.168
10-Jan-14,0.161
11-Jan-14,0.44
12-Jan-14,0.301
13-Jan-14,0.42
14-Jan-14,0.273
15-Jan-14,0.248
16-Jan-14,0.198
17-Jan-14,0.249
18-Jan-14,0.186
19-Jan-14,0.171
20-Jan-14,0.123
21-Jan-14,0.106
22-Jan-14,0.131
23-Jan-14,0.132
24-Jan-14,0.126
25-Jan-14,0.214
26-Jan-14,0.085
27-Jan-14,0.166
28-Jan-14,0.146
29-Jan-14,0.155
30-Jan-14,0.195
31-Jan-14,0.322
1-Feb-14,0.333
2-Feb-14,0.279
3-Feb-14,0.128
4-Feb-14,0.232
5-Feb-14,0.031
6-Feb-14,0.101
7-Feb-14,0.135
8-Feb-14,0.173
9-Feb-14,0.168
10-Feb-14,0.066
11-Feb-14,0.126
12-Feb-14,0.206
13-Feb-14,0.176
14-Feb-14,0.104
15-Feb-14,0.177
16-Feb-14,0.101
17-Feb-14,0.132
18-Feb-14,0.068
19-Feb-14,0.143
20-Feb-14,0.416
21-Feb-14,0.248
22-Feb-14,0.45
23-Feb-14,0.457
24-Feb-14,0.203
25-Feb-14,0.144
26-Feb-14,0.158
27-Feb-14,0.183
28-Feb-14,0.137
1-Mar-14,0.174
2-Mar-14,0.096
3-Mar-14,0.137
4-Mar-14,0.194
5-Mar-14,0.069
6-Mar-14,0.229
7-Mar-14,0.253
8-Mar-14,0.406
9-Mar-14,0.254
10-Mar-14,0.324
11-Mar-14,0.386
12-Mar-14,0.111
13-Mar-14,0
14-Mar-14,0.249
15-Mar-14,0.367
16-Mar-14,0.053
17-Mar-14,0.21
18-Mar-14,0.323
19-Mar-14,0.269
20-Mar-14,0.341
21-Mar-14,0.21
22-Mar-14,0.253
23-Mar-14,0.135
24-Mar-14,0.186
25-Mar-14,0.249
26-Mar-14,0.19
27-Mar-14,0.322
28-Mar-14,0.374
29-Mar-14,0.508
30-Mar-14,0.182
31-Mar-14,0.29
1-Apr-14,0.541
2-Apr-14,0.408
3-Apr-14,0.475
4-Apr-14,0.399
5-Apr-14,0.384
6-Apr-14,0.539
7-Apr-14,0.71
8-Apr-14,0.448
9-Apr-14,0.321
10-Apr-14,0.677
11-Apr-14,0.983
12-Apr-14,0.871
13-Apr-14,0.279
14-Apr-14,0.81
15-Apr-14,0.116
16-Apr-14,0.134
17-Apr-14,0.415
18-Apr-14,0.385
19-Apr-14,0.546
20-Apr-14,0.625
21-Apr-14,1.047
22-Apr-14,0.806
23-Apr-14,0.247
24-Apr-14,0.361
25-Apr-14,0.861
26-Apr-14,0.277
27-Apr-14,0.448
28-Apr-14,0.496
29-Apr-14,0.482
30-Apr-14,0.262
1-May-14,0.388
2-May-14,0.538
3-May-14,0.77
4-May-14,0.437
5-May-14,0.542
6-May-14,0.582
7-May-14,0.856
8-May-14,1.048
9-May-14,0.528
10-May-14,0.801
11-May-14,0.888
12-May-14,1.492
13-May-14,0.487
14-May-14,0.606
15-May-14,0.802
16-May-14,0.718
17-May-14,0.585
18-May-14,0.71
19-May-14,0.578
20-May-14,0.809
21-May-14,0.722
22-May-14,0.52
23-May-14,0.307
24-May-14,0.551
25-May-14,0.729
26-May-14,0.824
27-May-14,0.053
28-May-14,0.226
29-May-14,0.781
30-May-14,0.848
31-May-14,0.567
1-Jun-14,1.016
2-Jun-14,1.156
3-Jun-14,0.785
4-Jun-14,0.229
5-Jun-14,0.239
6-Jun-14,0.86
7-Jun-14,1.388
8-Jun-14,1.365
9-Jun-14,1.394
10-Jun-14,0.305
11-Jun-14,0.515
12-Jun-14,0.516
13-Jun-14,0.361
14-Jun-14,0.696
15-Jun-14,0.729
16-Jun-14,1.237
17-Jun-14,1.218
18-Jun-14,0.802
19-Jun-14,0.87
20-Jun-14,0.805
21-Jun-14,0.819
22-Jun-14,0.783
23-Jun-14,1.07
24-Jun-14,0.961
25-Jun-14,0.71
26-Jun-14,0.003
27-Jun-14,0.954
28-Jun-14,1.31
29-Jun-14,1.396
30-Jun-14,1.428
1-Jul-14,1.146
2-Jul-14,1.034
3-Jul-14,0.586
4-Jul-14,0.001
5-Jul-14,0.725
6-Jul-14,1.295
7-Jul-14,1.21
8-Jul-14,0.982
9-Jul-14,1.006
10-Jul-14,0.823
11-Jul-14,1.047
12-Jul-14,1.141
13-Jul-14,1.042
14-Jul-14,1.34
15-Jul-14,0.8
16-Jul-14,0.28
17-Jul-14,0.655
18-Jul-14,1.162
19-Jul-14,0.956
20-Jul-14,0.657
21-Jul-14,1
22-Jul-14,1.236
23-Jul-14,1.112
24-Jul-14,0.485
25-Jul-14,1.08
26-Jul-14,1.056
27-Jul-14,0.679
28-Jul-14,0.341
29-Jul-14,0.612
30-Jul-14,0.706
31-Jul-14,0.745
1-Aug-14,0.913
2-Aug-14,0.54
3-Aug-14,0.596
4-Aug-14,0.871
5-Aug-14,1.049
6-Aug-14,0.622
7-Aug-14,0.73
8-Aug-14,1.219
9-Aug-14,1.121
10-Aug-14,0.94
11-Aug-14,1.234
12-Aug-14,0.716
13-Aug-14,0.229
14-Aug-14,0.42
15-Aug-14,0.625
16-Aug-14,0.815
17-Aug-14,0.699
18-Aug-14,0.706
19-Aug-14,1.005
20-Aug-14,0.979
21-Aug-14,0.681
22-Aug-14,0.432
23-Aug-14,0.518
24-Aug-14,1.175
25-Aug-14,1.451
26-Aug-14,1.366
27-Aug-14,1.277
28-Aug-14,0.545
29-Aug-14,0.894
30-Aug-14,0.921
31-Aug-14,1.221
1-Sep-14,1.147
2-Sep-14,1.144
3-Sep-14,0.958
4-Sep-14,1.373
5-Sep-14,1.449
6-Sep-14,0.915
7-Sep-14,0.762
8-Sep-14,0.877
9-Sep-14,0.67
10-Sep-14,0.765
11-Sep-14,0.344
12-Sep-14,0.269
13-Sep-14,0.45
14-Sep-14,0.307
15-Sep-14,0.693
16-Sep-14,0.281
17-Sep-14,0.57
18-Sep-14,0.443
19-Sep-14,0.465
20-Sep-14,0.699
21-Sep-14,0.66
22-Sep-14,0.266
23-Sep-14,0.826
24-Sep-14,0.516
25-Sep-14,0.539
26-Sep-14,1.096
27-Sep-14,1.327
28-Sep-14,1.296
29-Sep-14,0.555
30-Sep-14,0.191
1-Oct-14,0.342
2-Oct-14,0.264
3-Oct-14,0.663
4-Oct-14,0.421
5-Oct-14,0.304
6-Oct-14,0.827
7-Oct-14,0.746
8-Oct-14,0.562
9-Oct-14,0.698
10-Oct-14,0.66
11-Oct-14,0.397
12-Oct-14,0.524
13-Oct-14,0.73
14-Oct-14,0.983
15-Oct-14,0.907
16-Oct-14,0.489
17-Oct-14,0.587
18-Oct-14,0.441
19-Oct-14,0.226
20-Oct-14,0.613
21-Oct-14,0.35
22-Oct-14,0.23
23-Oct-14,0.248
24-Oct-14,0.201
25-Oct-14,0.657
26-Oct-14,0.461
27-Oct-14,0.487
28-Oct-14,0.511
29-Oct-14,0.082
30-Oct-14,0.224
31-Oct-14,0.334
1-Nov-14,0.18
2-Nov-14,0.236
3-Nov-14,0.52
4-Nov-14,0.566
5-Nov-14,0.538
6-Nov-14,0.368
7-Nov-14,0.096
8-Nov-14,0.416
9-Nov-14,0.411
10-Nov-14,0.474
11-Nov-14,0.456
12-Nov-14,0.125
13-Nov-14,0.254
14-Nov-14,0.181
15-Nov-14,0.228
16-Nov-14,0.329
17-Nov-14,0.145
18-Nov-14,0.083
19-Nov-14,0.34
20-Nov-14,0.337
21-Nov-14,0.234
22-Nov-14,0.408
23-Nov-14,0.562
24-Nov-14,0.736
25-Nov-14,0.429
26-Nov-14,0.241
27-Nov-14,0.141
28-Nov-14,0.059
29-Nov-14,0.21
30-Nov-14,0.337
1-Dec-14,0.412
2-Dec-14,0.177
3-Dec-14,0.234
4-Dec-14,0.108
5-Dec-14,0.153
6-Dec-14,0.119
7-Dec-14,0.02
8-Dec-14,0.12
9-Dec-14,0.156
10-Dec-14,0.224
11-Dec-14,0.176
12-Dec-14,0.215
13-Dec-14,0.216
14-Dec-14,0.243
15-Dec-14,0.27
16-Dec-14,0.231
17-Dec-14,0.253
18-Dec-14,0.215
19-Dec-14,0.18
20-Dec-14,0.146
21-Dec-14,0.143
22-Dec-14,0.231
23-Dec-14,0.222
24-Dec-14,0.216
25-Dec-14,0.385
26-Dec-14,0.385
27-Dec-14,0.427
28-Dec-14,0.271
29-Dec-14,0.129
30-Dec-14,0.17
1-Jan-15,0.28
2-Jan-15,0.23
3-Jan-15,0.232
4-Jan-15,0.193
5-Jan-15,0.068
6-Jan-15,0.098
7-Jan-15,0.06
8-Jan-15,0.132
9-Jan-15,0.122
10-Jan-15,0.095
11-Jan-15,0.136
12-Jan-15,0.07
13-Jan-15,0
14-Jan-15,0.096
15-Jan-15,0.077
16-Jan-15,0.089
17-Jan-15,0.186
18-Jan-15,0.431
19-Jan-15,0.232
20-Jan-15,0.148
21-Jan-15,0.212
22-Jan-15,0.219
23-Jan-15,0.23
24-Jan-15,0.177
25-Jan-15,0.104
26-Jan-15,0.104
27-Jan-15,0.085
28-Jan-15,0.114
29-Jan-15,0.173
30-Jan-15,0.041
31-Jan-15,0.052
1-Feb-15,0.127
2-Feb-15,0.049
3-Feb-15,0.102
4-Feb-15,0.192
5-Feb-15,0
6-Feb-15,0.122
7-Feb-15,0.165
8-Feb-15,0.02
9-Feb-15,0.081
10-Feb-15,0.173
11-Feb-15,0.094
12-Feb-15,0.073
13-Feb-15,0.024
14-Feb-15,0.09
15-Feb-15,0.038
16-Feb-15,0.141
17-Feb-15,0.155
18-Feb-15,0.129
19-Feb-15,0.03
20-Feb-15,0.061
21-Feb-15,0.198
22-Feb-15,0.148
23-Feb-15,0.028
24-Feb-15,0.122
25-Feb-15,0.194
26-Feb-15,0.104
27-Feb-15,0.125
28-Feb-15,0.204
1-Mar-15,0.177
2-Mar-15,0.133
3-Mar-15,0.257
4-Mar-15,0.37
5-Mar-15,0.047
6-Mar-15,0.174
7-Mar-15,0.257
8-Mar-15,0.229
9-Mar-15,0.339
10-Mar-15,0.495
11-Mar-15,0.493
12-Mar-15,0.151
13-Mar-15,0.39
14-Mar-15,0.266
15-Mar-15,0.04
16-Mar-15,0.403
17-Mar-15,0.255
18-Mar-15,0.169
19-Mar-15,0.231
20-Mar-15,0.294
21-Mar-15,0.176
22-Mar-15,0.058
23-Mar-15,0.25
24-Mar-15,0.383
25-Mar-15,0.475
26-Mar-15,0.526
27-Mar-15,0.385
28-Mar-15,0.195
29-Mar-15,0.418
30-Mar-15,0.339
31-Mar-15,0.279
1-Apr-15,0.265
2-Apr-15,0.533
3-Apr-15,0.836
4-Apr-15,0.152
5-Apr-15,0.409
6-Apr-15,0.36
7-Apr-15,0.289
8-Apr-15,0.354
9-Apr-15,0.207
10-Apr-15,0.359
11-Apr-15,0.391
12-Apr-15,0.877
13-Apr-15,1.091
14-Apr-15,0.774
15-Apr-15,0.726
16-Apr-15,0.82
17-Apr-15,0.714
18-Apr-15,0.388
19-Apr-15,0.493
20-Apr-15,0.361
21-Apr-15,0.35
22-Apr-15,0.48
23-Apr-15,0.281
24-Apr-15,0.424
25-Apr-15,0.516
26-Apr-15,0.582
27-Apr-15,0.469
28-Apr-15,0.708
29-Apr-15,0.49
30-Apr-15,0.486
1-May-15,0.344
2-May-15,0.493
3-May-15,0.65
4-May-15,1.393
5-May-15,0.865
6-May-15,1.148
7-May-15,1.558
8-May-15,0.444
9-May-15,0.736
10-May-15,1.288
11-May-15,0
12-May-15,0.777
13-May-15,0.294
14-May-15,0.9
15-May-15,1.015
16-May-15,0.691
17-May-15,0.817
18-May-15,0.462
19-May-15,0.667
20-May-15,0.221
21-May-15,1.02
22-May-15,0.569
23-May-15,0.861
24-May-15,1.639
25-May-15,1.467
26-May-15,1.596
27-May-15,1.023
28-May-15,0.896
29-May-15,0.721
30-May-15,1.237
31-May-15,0.162
1-Jun-15,0.152
2-Jun-15,0.225
3-Jun-15,0.442
4-Jun-15,0.316
5-Jun-15,0.548
6-Jun-15,0.565
7-Jun-15,0.893
8-Jun-15,0.789
9-Jun-15,0.494
10-Jun-15,1.166
11-Jun-15,1.318
12-Jun-15,1.053
13-Jun-15,0.905
14-Jun-15,1.026
15-Jun-15,0.373
16-Jun-15,0.517
17-Jun-15,0.708
18-Jun-15,1.02
19-Jun-15,0.656
20-Jun-15,0.898
21-Jun-15,0.457
22-Jun-15,0.626
23-Jun-15,0.389
24-Jun-15,0.811
25-Jun-15,1.024
26-Jun-15,0.627
27-Jun-15,0.784
28-Jun-15,0.099
29-Jun-15,0.706
30-Jun-15,0.859
1-Jul-15,0.23
2-Jul-15,0.563
3-Jul-15,1.027
4-Jul-15,0.605
5-Jul-15,1.067
6-Jul-15,0.886
7-Jul-15,0.824
8-Jul-15,0.479
9-Jul-15,0.772
10-Jul-15,0.879
11-Jul-15,1.331
12-Jul-15,1.346
13-Jul-15,0.542
14-Jul-15,0.638
15-Jul-15,0.364
16-Jul-15,0.746
17-Jul-15,1.029
18-Jul-15,0.493
19-Jul-15,0.682
20-Jul-15,0.666
21-Jul-15,0.197
22-Jul-15,0.643
23-Jul-15,0.877
24-Jul-15,0.883
25-Jul-15,0.379
26-Jul-15,0.347
27-Jul-15,0.631
28-Jul-15,0.909
29-Jul-15,1.135
30-Jul-15,0.735
31-Jul-15,0.703
1-Aug-15,0.988
2-Aug-15,1.085
3-Aug-15,1.067
4-Aug-15,0.349
5-Aug-15,0.815
6-Aug-15,0.779
7-Aug-15,0.73
8-Aug-15,0.875
9-Aug-15,0.598
10-Aug-15,0.82
11-Aug-15,0.31
12-Aug-15,0.599
13-Aug-15,0.612
14-Aug-15,1.08
15-Aug-15,1.197
16-Aug-15,1.012
17-Aug-15,1.074
18-Aug-15,1.133
19-Aug-15,0.951
20-Aug-15,0.543
21-Aug-15,0.351
22-Aug-15,0.502
23-Aug-15,0.389
24-Aug-15,0.733
25-Aug-15,0.384
26-Aug-15,0.445
27-Aug-15,0.466
28-Aug-15,0.838
29-Aug-15,0.917
30-Aug-15,0.87
31-Aug-15,0.922
1-Sep-15,0.775
2-Sep-15,1.238
3-Sep-15,0.83
4-Sep-15,0.27
5-Sep-15,1.003
6-Sep-15,1.233
7-Sep-15,1.669
8-Sep-15,1.154
9-Sep-15,1.021
10-Sep-15,0.085
11-Sep-15,0.003
12-Sep-15,0.767
13-Sep-15,0.154
14-Sep-15,0.729
15-Sep-15,1.057
16-Sep-15,1.06
17-Sep-15,0.947
18-Sep-15,0.941
19-Sep-15,0.847
20-Sep-15,0.036
21-Sep-15,0.708
22-Sep-15,0.428
23-Sep-15,0.881
24-Sep-15,0.676
25-Sep-15,0.335
26-Sep-15,0.442
27-Sep-15,0.834
28-Sep-15,0.94
29-Sep-15,0.674
30-Sep-15,0
1-Oct-15,0.386
2-Oct-15,0.413
3-Oct-15,0.37
4-Oct-15,0.394
5-Oct-15,0.454
6-Oct-15,0.607
7-Oct-15,0.633
8-Oct-15,0.466
9-Oct-15,0.292
10-Oct-15,0.276
11-Oct-15,0.739
12-Oct-15,0.791
13-Oct-15,0.36
14-Oct-15,0.307
15-Oct-15,0.516
16-Oct-15,0.328
17-Oct-15,0.281
18-Oct-15,0.302
19-Oct-15,0.474
20-Oct-15,0.774
21-Oct-15,0.464
22-Oct-15,0.346
23-Oct-15,0.128
24-Oct-15,0.328
25-Oct-15,0.306
26-Oct-15,0.3
27-Oct-15,0.428
28-Oct-15,0.58
29-Oct-15,0.536
30-Oct-15,0.24
31-Oct-15,0.515
1-Nov-15,0.404
2-Nov-15,0.481
3-Nov-15,0.593
4-Nov-15,0.618
5-Nov-15,0.685
6-Nov-15,0.601
7-Nov-15,0.242
8-Nov-15,0.416
9-Nov-15,0.566
10-Nov-15,0.42
11-Nov-15,0.215
12-Nov-15,0.282
13-Nov-15,0.393
14-Nov-15,0.183
15-Nov-15,0.458
16-Nov-15,0.366
17-Nov-15,0.317
18-Nov-15,0.351
19-Nov-15,0.463
20-Nov-15,0.112
21-Nov-15,0.282
22-Nov-15,0.18
23-Nov-15,0.139
24-Nov-15,0.341
25-Nov-15,0.326
26-Nov-15,0.433
27-Nov-15,0.605
28-Nov-15,0
29-Nov-15,0.164
30-Nov-15,0.178
1-Dec-15,0.171
2-Dec-15,0.191
3-Dec-15,0.028
4-Dec-15,0.279
5-Dec-15,0.379
6-Dec-15,0.38
7-Dec-15,0.518
8-Dec-15,0.202
9-Dec-15,0.354
10-Dec-15,0.285
11-Dec-15,0.181
12-Dec-15,0.39
13-Dec-15,0.342
14-Dec-15,0.3
15-Dec-15,0.065
16-Dec-15,0.218
17-Dec-15,0.288
18-Dec-15,0.013
19-Dec-15,0.255
20-Dec-15,0.294
21-Dec-15,0.354
22-Dec-15,0.084
23-Dec-15,0.079
24-Dec-15,0.036
25-Dec-15,0.448
26-Dec-15,0.423
27-Dec-15,0.062
28-Dec-15,0.108
29-Dec-15,0.056
30-Dec-15,0.149
1-Jan-16,0.298
2-Jan-16,0.321
3-Jan-16,0.231
4-Jan-16,0.07
5-Jan-16,0.162
6-Jan-16,0.245
7-Jan-16,0.277
8-Jan-16,0.216
9-Jan-16,0.221
10-Jan-16,0.476
11-Jan-16,0.245
12-Jan-16,0.186
13-Jan-16,0.129
14-Jan-16,0.164
15-Jan-16,0.125
16-Jan-16,0.082
17-Jan-16,0.188
18-Jan-16,0.158
19-Jan-16,0.176
20-Jan-16,0.191
21-Jan-16,0.188
22-Jan-16,0.224
23-Jan-16,0.118
24-Jan-16,0.254
25-Jan-16,0.267
26-Jan-16,0.373
27-Jan-16,0.279
28-Jan-16,0.214
29-Jan-16,0.204
30-Jan-16,0.286
31-Jan-16,0.449
1-Feb-16,0.01
2-Feb-16,0.148
3-Feb-16,0
4-Feb-16,0
5-Feb-16,0.214
6-Feb-16,0.13
7-Feb-16,0.004
8-Feb-16,0.517
9-Feb-16,0.08
10-Feb-16,0
11-Feb-16,0.036
12-Feb-16,0.215
13-Feb-16,0.224
14-Feb-16,0.348
15-Feb-16,0.351
16-Feb-16,0.025
17-Feb-16,0.161
18-Feb-16,0.456
19-Feb-16,0.748
20-Feb-16,0.18
21-Feb-16,0.235
22-Feb-16,0.709
23-Feb-16,0.84
24-Feb-16,0.639
25-Feb-16,0.419
26-Feb-16,0.377
27-Feb-16,0.657
28-Feb-16,0.477
29-Feb-16,0.49
1-Mar-16,0.378
2-Mar-16,0.201
3-Mar-16,0.229
4-Mar-16,0.152
5-Mar-16,0.322
6-Mar-16,0.389
7-Mar-16,0.198
8-Mar-16,0.48
9-Mar-16,0.853
10-Mar-16,0.365
11-Mar-16,0.395
12-Mar-16,0.559
13-Mar-16,0.752
14-Mar-16,0.273
15-Mar-16,0.216
16-Mar-16,0.49
17-Mar-16,0.436
18-Mar-16,0.369
19-Mar-16,0.401
20-Mar-16,0.33
21-Mar-16,0.302
22-Mar-16,0.467
23-Mar-16,0.369
24-Mar-16,0.143
25-Mar-16,0
26-Mar-16,0.409
27-Mar-16,0.368
28-Mar-16,0.184
29-Mar-16,0.277
30-Mar-16,0.572
31-Mar-16,0.868
1-Apr-16,0.474
2-Apr-16,0.123
3-Apr-16,0.249
4-Apr-16,0.199
5-Apr-16,0.337
6-Apr-16,0.384
7-Apr-16,0.283
8-Apr-16,0.328
9-Apr-16,0.429
10-Apr-16,0.518
11-Apr-16,0.31
12-Apr-16,0.203
13-Apr-16,0.537
14-Apr-16,0.712
15-Apr-16,0.813
16-Apr-16,0.804
17-Apr-16,0.904
18-Apr-16,0.871
19-Apr-16,0.536
20-Apr-16,0.768
21-Apr-16,1.253
22-Apr-16,1.12
23-Apr-16,0.443
24-Apr-16,0.744
25-Apr-16,0.884
26-Apr-16,0.168
27-Apr-16,0.573
28-Apr-16,0.527
29-Apr-16,0.394
30-Apr-16,0.549
1-May-16,0.391
2-May-16,0.119
3-May-16,0.224
4-May-16,0.238
5-May-16,0.238
6-May-16,0.742
7-May-16,0.207
8-May-16,0.198
9-May-16,0.568
10-May-16,1.091
11-May-16,1.189
12-May-16,1.202
13-May-16,0.618
14-May-16,0.982
15-May-16,0.399
16-May-16,0.478
17-May-16,0.957
18-May-16,0.834
19-May-16,0.857
20-May-16,1.004
21-May-16,1.132
22-May-16,0.663
23-May-16,1.121
24-May-16,0.384
25-May-16,0.86
26-May-16,1.245
27-May-16,0.557
28-May-16,1.242
29-May-16,0.292
30-May-16,0.625
31-May-16,1.344
1-Jun-16,0.911
2-Jun-16,0.616
3-Jun-16,0.359
4-Jun-16,0.84
5-Jun-16,0.141
6-Jun-16,0.817
7-Jun-16,0.773
8-Jun-16,0.786
9-Jun-16,0.699
10-Jun-16,0.646
11-Jun-16,0.472
12-Jun-16,0.767
13-Jun-16,0.741
14-Jun-16,0.909
15-Jun-16,1.077
16-Jun-16,1.222
17-Jun-16,1.096
18-Jun-16,0.883
19-Jun-16,1.092
20-Jun-16,1.086
21-Jun-16,1.254
22-Jun-16,0.797
23-Jun-16,1.029
24-Jun-16,1.123
25-Jun-16,1.124
26-Jun-16,1.132
27-Jun-16,1.34
28-Jun-16,0.701
29-Jun-16,0.53
30-Jun-16,0.958
1-Jul-16,0.948
2-Jul-16,0.705
3-Jul-16,1.289
4-Jul-16,1.449
5-Jul-16,1.044
6-Jul-16,1.396
7-Jul-16,0.189
8-Jul-16,0.249
9-Jul-16,0.164
10-Jul-16,0.325
11-Jul-16,1.077
12-Jul-16,1.43
13-Jul-16,1.322
14-Jul-16,0.826
15-Jul-16,1.159
16-Jul-16,1.397
17-Jul-16,0.774
18-Jul-16,0.744
19-Jul-16,0.754
20-Jul-16,1.252
21-Jul-16,1.261
22-Jul-16,1.45
23-Jul-16,1.331
24-Jul-16,1.299
25-Jul-16,1.187
26-Jul-16,1.347
27-Jul-16,1.421
28-Jul-16,1.275
29-Jul-16,0.601
30-Jul-16,1.064
31-Jul-16,0.652
1-Aug-16,0.538
2-Aug-16,0.796
3-Aug-16,1.208
4-Aug-16,1.294
5-Aug-16,1.377
6-Aug-16,1.467
7-Aug-16,1.462
8-Aug-16,1.456
9-Aug-16,1.408
10-Aug-16,0.502
11-Aug-16,1.483
12-Aug-16,1.248
13-Aug-16,0.12
14-Aug-16,1.219
15-Aug-16,0.462
16-Aug-16,0.461
17-Aug-16,0.55
18-Aug-16,1.159
19-Aug-16,1.3
20-Aug-16,0.957
21-Aug-16,0.912
22-Aug-16,0.573
23-Aug-16,1.228
24-Aug-16,1.363
25-Aug-16,1.102
26-Aug-16,0.903
27-Aug-16,1.206
28-Aug-16,1.058
29-Aug-16,0.968
30-Aug-16,1.181
31-Aug-16,0.925
1-Sep-16,0.869
2-Sep-16,0.992
3-Sep-16,1.049
4-Sep-16,1.043
5-Sep-16,1.042
6-Sep-16,0.618
7-Sep-16,0.568
8-Sep-16,0.689
9-Sep-16,1.516
10-Sep-16,1.039
11-Sep-16,0.539
12-Sep-16,0.726
13-Sep-16,1.194
14-Sep-16,0.968
15-Sep-16,0.705
16-Sep-16,0.923
17-Sep-16,0.784
18-Sep-16,0.666
19-Sep-16,0.337
20-Sep-16,0.829
21-Sep-16,1.394
22-Sep-16,1.518
23-Sep-16,0.32
24-Sep-16,0.704
25-Sep-16,0.674
26-Sep-16,0.71
27-Sep-16,0.499
28-Sep-16,0.246
29-Sep-16,0.532
30-Sep-16,0.578
1-Oct-16,0.489
2-Oct-16,0.334
3-Oct-16,0.618
4-Oct-16,0.51
5-Oct-16,0.659
6-Oct-16,0.96
7-Oct-16,1.068
8-Oct-16,0.653
9-Oct-16,0.07
10-Oct-16,0.52
11-Oct-16,0.797
12-Oct-16,0.698
13-Oct-16,0.384
14-Oct-16,0.437
15-Oct-16,0.414
16-Oct-16,0.466
17-Oct-16,0.975
18-Oct-16,0.312
19-Oct-16,0.754
20-Oct-16,0.519
21-Oct-16,0.308
22-Oct-16,0.206
23-Oct-16,0.418
24-Oct-16,0.51
25-Oct-16,0.329
26-Oct-16,0.31
27-Oct-16,0.254
28-Oct-16,0.106
29-Oct-16,0.17
30-Oct-16,0.193
31-Oct-16,0.253
1-Nov-16,0.295
2-Nov-16,0.452
3-Nov-16,0.087
4-Nov-16,0.296
5-Nov-16,0.343
6-Nov-16,0.27
7-Nov-16,0.343
8-Nov-16,0.621
9-Nov-16,0.397
10-Nov-16,0.367
11-Nov-16,0.402
12-Nov-16,0.43
13-Nov-16,0.525
14-Nov-16,0.62
15-Nov-16,0.356
16-Nov-16,0.171
17-Nov-16,0.334
18-Nov-16,0.542
19-Nov-16,0.493
20-Nov-16,0.186
21-Nov-16,0.204
22-Nov-16,0.277
23-Nov-16,0.294
24-Nov-16,0.142
25-Nov-16,0.028
26-Nov-16,0.173
27-Nov-16,0.157
28-Nov-16,0.241
29-Nov-16,0.127
30-Nov-16,0.158
1-Dec-16,0.224
2-Dec-16,0.36
3-Dec-16,0.309
4-Dec-16,0.222
5-Dec-16,0.054
6-Dec-16,0.181
7-Dec-16,0.106
8-Dec-16,0.218
9-Dec-16,0.135
10-Dec-16,0.127
11-Dec-16,0.173
12-Dec-16,0.009
13-Dec-16,0.185
14-Dec-16,0.143
15-Dec-16,0.09
16-Dec-16,0.055
17-Dec-16,0.021
18-Dec-16,0.133
19-Dec-16,0.091
20-Dec-16,0.054
21-Dec-16,0.265
22-Dec-16,0.166
23-Dec-16,0.274
24-Dec-16,0.201
25-Dec-16,0.19
26-Dec-16,0.243
27-Dec-16,0.364
28-Dec-16,0.19
29-Dec-16,0.085
30-Dec-16,0.124
1-Jan-17,0.205
2-Jan-17,0.253
3-Jan-17,0.238
4-Jan-17,0.257
5-Jan-17,0.261
6-Jan-17,0.146
7-Jan-17,0.085
8-Jan-17,0.121
9-Jan-17,0.093
10-Jan-17,0.251
11-Jan-17,0.569
12-Jan-17,0.579
13-Jan-17,0.238
14-Jan-17,0.156
15-Jan-17,0.186
16-Jan-17,0.225
17-Jan-17,0.27
18-Jan-17,0.111
19-Jan-17,0.266
20-Jan-17,0.327
21-Jan-17,0.406
22-Jan-17,0.257
23-Jan-17,0.197
24-Jan-17,0.202
25-Jan-17,0.309
26-Jan-17,0.459
27-Jan-17,0.388
28-Jan-17,0.325
29-Jan-17,0.248
30-Jan-17,0.182
31-Jan-17,0.129
1-Feb-17,0.251
2-Feb-17,0.037
3-Feb-17,0.09
4-Feb-17,0.456
5-Feb-17,0.25
6-Feb-17,0.163
7-Feb-17,0.084
8-Feb-17,0
9-Feb-17,0.152
10-Feb-17,0.54
11-Feb-17,0.402
12-Feb-17,0.143
13-Feb-17,0.11
14-Feb-17,0.392
15-Feb-17,0.356
16-Feb-17,0.347
17-Feb-17,0.234
18-Feb-17,0.199
19-Feb-17,0.234
20-Feb-17,0.464
21-Feb-17,1.018
22-Feb-17,0.145
23-Feb-17,0.118
24-Feb-17,0.281
25-Feb-17,0.08
26-Feb-17,0.458
27-Feb-17,0.464
28-Feb-17,0.716
1-Mar-17,0.326
2-Mar-17,0.306
3-Mar-17,0.176
4-Mar-17,0.114
5-Mar-17,0.2
6-Mar-17,0.337
7-Mar-17,0.28
8-Mar-17,0.477
9-Mar-17,0.315
10-Mar-17,0.114
11-Mar-17,0.102
12-Mar-17,0.163
13-Mar-17,0.25
14-Mar-17,0.078
15-Mar-17,0.192
16-Mar-17,0.153
17-Mar-17,0.218
18-Mar-17,0.248
19-Mar-17,0.288
20-Mar-17,0.526
21-Mar-17,0.42
22-Mar-17,0.116
23-Mar-17,0.284
24-Mar-17,0.171
25-Mar-17,0.229
26-Mar-17,0.334
27-Mar-17,0.207
28-Mar-17,0.249
29-Mar-17,0.334
30-Mar-17,0.445
31-Mar-17,0.308
1-Apr-17,0.156
2-Apr-17,0.396
3-Apr-17,0.603
4-Apr-17,0.214
5-Apr-17,0.29
6-Apr-17,0.329
7-Apr-17,0.435
8-Apr-17,0.361
9-Apr-17,0.775
10-Apr-17,1.057
11-Apr-17,1.257
12-Apr-17,0.321
13-Apr-17,0.451
14-Apr-17,0.704
15-Apr-17,1.001
16-Apr-17,1.484
17-Apr-17,0.678
18-Apr-17,0.259
19-Apr-17,0.364
20-Apr-17,0.369
21-Apr-17,0.157
22-Apr-17,0.127
23-Apr-17,0.682
24-Apr-17,0.841
25-Apr-17,0.282
26-Apr-17,0.419
27-Apr-17,0.506
28-Apr-17,0.778
29-Apr-17,1.077
30-Apr-17,0.489
1-May-17,0.167
2-May-17,0.264
3-May-17,0.508
4-May-17,0.726
5-May-17,0.244
6-May-17,0.333
7-May-17,0.439
8-May-17,0.177
9-May-17,0.428
10-May-17,0.49
11-May-17,0.403
12-May-17,0.398
13-May-17,0.469
14-May-17,0.168
15-May-17,0.394
16-May-17,1.053
17-May-17,1.349
18-May-17,1.897
19-May-17,0.966
20-May-17,0.818
21-May-17,1.012
22-May-17,0.434
23-May-17,0.718
24-May-17,0.707
25-May-17,0.402
26-May-17,0.227
27-May-17,0.491
28-May-17,0.473
29-May-17,0.196
30-May-17,0.342
31-May-17,0.449
1-Jun-17,0.739
2-Jun-17,0.734
3-Jun-17,0.548
4-Jun-17,0.802
5-Jun-17,0.21
6-Jun-17,0.254
7-Jun-17,0.854
8-Jun-17,0.997
9-Jun-17,0.724
10-Jun-17,1.017
11-Jun-17,1.559
12-Jun-17,1.388
13-Jun-17,1.082
14-Jun-17,0.903
15-Jun-17,0.867
16-Jun-17,0.431
17-Jun-17,0.501
18-Jun-17,0.903
19-Jun-17,0.994
20-Jun-17,0.924
21-Jun-17,1.067
22-Jun-17,1.227
23-Jun-17,0.752
24-Jun-17,0.882
25-Jun-17,1.15
26-Jun-17,0.863
27-Jun-17,0.624
28-Jun-17,0.863
29-Jun-17,0.756
30-Jun-17,0.691
1-Jul-17,0.782
2-Jul-17,1.135
3-Jul-17,0.988
4-Jul-17,0.985
5-Jul-17,1.184
6-Jul-17,0.841
7-Jul-17,0.458
8-Jul-17,0.71
9-Jul-17,1.181
10-Jul-17,1.23
11-Jul-17,0.58
12-Jul-17,0.714
13-Jul-17,0.099
14-Jul-17,0.516
15-Jul-17,0.605
16-Jul-17,0.941
17-Jul-17,0.898
18-Jul-17,0.755
19-Jul-17,0.737
20-Jul-17,0.946
21-Jul-17,1.15
22-Jul-17,1.167
23-Jul-17,0.942
24-Jul-17,0.428
25-Jul-17,0.761
26-Jul-17,1.234
27-Jul-17,0.599
28-Jul-17,0.768
29-Jul-17,0.78
30-Jul-17,1.042
31-Jul-17,1.288
1-Aug-17,1.138
2-Aug-17,1.065
3-Aug-17,0.942
4-Aug-17,0.819
5-Aug-17,0.363
6-Aug-17,0.809
7-Aug-17,1.138
8-Aug-17,0.528
9-Aug-17,1.132
10-Aug-17,1.069
11-Aug-17,0.865
12-Aug-17,0.558
13-Aug-17,0.956
14-Aug-17,1.023
15-Aug-17,0.843
16-Aug-17,0.809
17-Aug-17,1.274
18-Aug-17,0.35
19-Aug-17,0.712
20-Aug-17,0.955
21-Aug-17,1.139
22-Aug-17,1.09
23-Aug-17,0.742
24-Aug-17,1.233
25-Aug-17,0.781
26-Aug-17,1.004
27-Aug-17,0.756
28-Aug-17,0.778
29-Aug-17,0.637
30-Aug-17,0.693
31-Aug-17,0.755
1-Sep-17,0.556
2-Sep-17,0.953
3-Sep-17,0.323
4-Sep-17,0.915
5-Sep-17,0.854
6-Sep-17,0.178
7-Sep-17,0.374
8-Sep-17,0.676
9-Sep-17,0.693
10-Sep-17,0.7
11-Sep-17,1.008
12-Sep-17,0.991
13-Sep-17,1.035
14-Sep-17,1.01
15-Sep-17,0.622
16-Sep-17,0.822
17-Sep-17,0.766
18-Sep-17,0.412
19-Sep-17,0.43
20-Sep-17,0.589
21-Sep-17,0.581
22-Sep-17,0.616
23-Sep-17,1.099
24-Sep-17,1.227
25-Sep-17,1.094
26-Sep-17,0.93
27-Sep-17,1.142
28-Sep-17,0.474
29-Sep-17,0.691
30-Sep-17,0.246
1-Oct-17,0.76
2-Oct-17,0.795
3-Oct-17,0.642
4-Oct-17,0.988
5-Oct-17,0.855
6-Oct-17,0.676
7-Oct-17,0.663
8-Oct-17,0.657
9-Oct-17,0.401
10-Oct-17,0.787
11-Oct-17,0.51
12-Oct-17,0.545
13-Oct-17,0.51
14-Oct-17,0.744
15-Oct-17,0.6
16-Oct-17,0.066
17-Oct-17,0.551
18-Oct-17,0.823
19-Oct-17,0.855
20-Oct-17,0.88
21-Oct-17,1.084
22-Oct-17,0.687
23-Oct-17,0.538
24-Oct-17,0.61
25-Oct-17,0.483
26-Oct-17,0.379
27-Oct-17,0.456
28-Oct-17,0.467
29-Oct-17,0.506
30-Oct-17,0.363
31-Oct-17,0.37
1-Nov-17,0.438
2-Nov-17,0.502
3-Nov-17,0.346
4-Nov-17,0.471
5-Nov-17,0.414
6-Nov-17,0.103
7-Nov-17,0.26
8-Nov-17,0.245
9-Nov-17,0.286
10-Nov-17,0.172
11-Nov-17,0.302
12-Nov-17,0.317
13-Nov-17,0.115
14-Nov-17,0.264
15-Nov-17,0.214
16-Nov-17,0.041
17-Nov-17,0.148
18-Nov-17,0.333
19-Nov-17,0.277
20-Nov-17,0.245
21-Nov-17,0.349
22-Nov-17,0.024
23-Nov-17,0.26
24-Nov-17,0.321
25-Nov-17,0.39
26-Nov-17,0.294
27-Nov-17,0.204
28-Nov-17,0.257
29-Nov-17,0.36
30-Nov-17,0.246
1-Dec-17,0.227
2-Dec-17,0.223
3-Dec-17,0.221
4-Dec-17,0.276
5-Dec-17,0.336
6-Dec-17,0.182
7-Dec-17,0.334
8-Dec-17,0.331
9-Dec-17,0.232
10-Dec-17,0.181
11-Dec-17,0.178
12-Dec-17,0
13-Dec-17,0.069
14-Dec-17,0.125
15-Dec-17,0.082
16-Dec-17,0.109
17-Dec-17,0.115
18-Dec-17,0.016
19-Dec-17,0.135
20-Dec-17,0.176
21-Dec-17,0.147
22-Dec-17,0.091
23-Dec-17,0.042
24-Dec-17,0.112
25-Dec-17,0.073
26-Dec-17,0.091
27-Dec-17,0.079
28-Dec-17,0.046
29-Dec-17,0.021
30-Dec-17,0.038
1-Jan-18,0.329
2-Jan-18,0.255
3-Jan-18,0.26
4-Jan-18,0.166
5-Jan-18,0.222
6-Jan-18,0.192
7-Jan-18,0.076
8-Jan-18,0
9-Jan-18,0
10-Jan-18,0.225
11-Jan-18,0.403
12-Jan-18,0.584
13-Jan-18,0.168
14-Jan-18,0.113
15-Jan-18,0.07
16-Jan-18,0.126
17-Jan-18,0.051
18-Jan-18,0.141
19-Jan-18,0.191
20-Jan-18,0.43
21-Jan-18,0.398
22-Jan-18,0.128
23-Jan-18,0.067
24-Jan-18,0.163
25-Jan-18,0.149
26-Jan-18,0.205
27-Jan-18,0.303
28-Jan-18,0.381
29-Jan-18,0.117
30-Jan-18,0.118
31-Jan-18,0.193
1-Feb-18,0.192
2-Feb-18,0.106
3-Feb-18,0.116
4-Feb-18,0.25
5-Feb-18,0.231
6-Feb-18,0.169
7-Feb-18,0.014
8-Feb-18,0.126
9-Feb-18,0.139
10-Feb-18,0.24
11-Feb-18,0.235
12-Feb-18,0.165
13-Feb-18,0.219
14-Feb-18,0.32
15-Feb-18,0.331
16-Feb-18,0.25
17-Feb-18,0.238
18-Feb-18,0.226
19-Feb-18,0.283
20-Feb-18,0.319
21-Feb-18,0.81
22-Feb-18,0.269
23-Feb-18,0.245
24-Feb-18,0.441
25-Feb-18,0.204
26-Feb-18,0.412
27-Feb-18,0.465
28-Feb-18,0.646
1-Mar-18,0.445
2-Mar-18,0.213
3-Mar-18,0.367
4-Mar-18,0.335
5-Mar-18,0.301
6-Mar-18,0.285
7-Mar-18,0.151
8-Mar-18,0.08
9-Mar-18,0.144
10-Mar-18,0.245
11-Mar-18,0.232
12-Mar-18,0.256
13-Mar-18,0.114
14-Mar-18,0.192
15-Mar-18,0.248
16-Mar-18,0.2
17-Mar-18,0.192
18-Mar-18,0.207
19-Mar-18,0.237
20-Mar-18,0.37
21-Mar-18,0.266
22-Mar-18,0.316
23-Mar-18,0.47
24-Mar-18,0.379
25-Mar-18,0.246
26-Mar-18,0.361
27-Mar-18,0.469
28-Mar-18,0.54
29-Mar-18,0.406
30-Mar-18,0.48
31-Mar-18,0.549
1-Apr-18,0.528
2-Apr-18,0.321
3-Apr-18,0.32
4-Apr-18,0
5-Apr-18,0.346
6-Apr-18,0.253
7-Apr-18,0.354
8-Apr-18,0.417
9-Apr-18,0.4
10-Apr-18,0.335
11-Apr-18,0.367
12-Apr-18,0.427
13-Apr-18,0.613
14-Apr-18,0.235
15-Apr-18,0.248
16-Apr-18,0.267
17-Apr-18,0.195
18-Apr-18,0.44
19-Apr-18,0.378
20-Apr-18,0.407
21-Apr-18,0.543
22-Apr-18,0.704
23-Apr-18,0.862
24-Apr-18,0.962
25-Apr-18,0.442
26-Apr-18,0.457
27-Apr-18,0.477
28-Apr-18,0.566
29-Apr-18,0.196
30-Apr-18,0.2
1-May-18,0.543
2-May-18,1.636
3-May-18,0.668
4-May-18,0.388
5-May-18,0.987
6-May-18,0.563
7-May-18,0.6
8-May-18,0.618
9-May-18,0.7
10-May-18,0.453
11-May-18,0.643
12-May-18,0.476
13-May-18,0.646
14-May-18,0.621
15-May-18,0.598
16-May-18,0.509
17-May-18,0.737
18-May-18,0.625
19-May-18,0.52
20-May-18,0.747
21-May-18,1.19
22-May-18,0.644
23-May-18,1.088
24-May-18,0.691
25-May-18,1.477
26-May-18,0.364
27-May-18,0.439
28-May-18,0.501
29-May-18,1.311
30-May-18,0.74
31-May-18,1.118
1-Jun-18,0.767
2-Jun-18,0.751
3-Jun-18,0.782
4-Jun-18,0.189
5-Jun-18,0.251
6-Jun-18,0.453
7-Jun-18,0.393
8-Jun-18,0.939
9-Jun-18,1.072
10-Jun-18,1.005
11-Jun-18,0.674
12-Jun-18,1.418
13-Jun-18,1.047
14-Jun-18,0.505
15-Jun-18,0.815
16-Jun-18,1.391
17-Jun-18,0.926
18-Jun-18,0.662
19-Jun-18,0.826
20-Jun-18,1.047
21-Jun-18,0.669
22-Jun-18,0.959
23-Jun-18,0.516
24-Jun-18,0.447
25-Jun-18,0.451
26-Jun-18,1.011
27-Jun-18,0.828
28-Jun-18,0.451
29-Jun-18,1.225
30-Jun-18,1.256
1-Jul-18,1.063
2-Jul-18,0.676
3-Jul-18,0.825
4-Jul-18,1.343
5-Jul-18,1.079
6-Jul-18,0.527
7-Jul-18,1.139
8-Jul-18,1.139
9-Jul-18,1.146
10-Jul-18,1.281
11-Jul-18,0.939
12-Jul-18,1.114
13-Jul-18,0.869
14-Jul-18,0.598
15-Jul-18,0.577
16-Jul-18,0.724
17-Jul-18,0.135
18-Jul-18,0.645
19-Jul-18,1.154
20-Jul-18,1.137
21-Jul-18,0.952
22-Jul-18,0.252
23-Jul-18,0.719
24-Jul-18,0.637
25-Jul-18,0.686
26-Jul-18,0.616
27-Jul-18,0.796
28-Jul-18,0.608
29-Jul-18,0.738
30-Jul-18,0.925
31-Jul-18,1.102
1-Aug-18,0.691
2-Aug-18,1.174
3-Aug-18,0.951
4-Aug-18,0.296
5-Aug-18,1.181
6-Aug-18,1.107
7-Aug-18,1.113
8-Aug-18,0.821
9-Aug-18,0.916
10-Aug-18,0.965
11-Aug-18,0.733
12-Aug-18,0.443
13-Aug-18,0.423
14-Aug-18,0.828
15-Aug-18,0.985
16-Aug-18,0.679
17-Aug-18,0.538
18-Aug-18,0.44
19-Aug-18,0.806
20-Aug-18,0.708
21-Aug-18,0.566
22-Aug-18,0.33
23-Aug-18,0.846
24-Aug-18,1.048
25-Aug-18,0.874
26-Aug-18,0.912
27-Aug-18,1.037
28-Aug-18,1.133
29-Aug-18,1.045
30-Aug-18,0.324
31-Aug-18,0.673
1-Sep-18,0.76
2-Sep-18,0.883
3-Sep-18,1.148
4-Sep-18,1.259
5-Sep-18,1.209
6-Sep-18,0.961
7-Sep-18,0.608
8-Sep-18,0.628
9-Sep-18,0.712
10-Sep-18,0.317
11-Sep-18,0.207
12-Sep-18,0.423
13-Sep-18,0.503
14-Sep-18,0.725
15-Sep-18,0.755
16-Sep-18,0.968
17-Sep-18,0.941
18-Sep-18,0.292
19-Sep-18,0.312
20-Sep-18,0.326
21-Sep-18,0.476
22-Sep-18,0.469
23-Sep-18,0.689
24-Sep-18,0.419
25-Sep-18,0.173
26-Sep-18,0.303
27-Sep-18,0.658
28-Sep-18,0.442
29-Sep-18,0.591
30-Sep-18,0.676
1-Oct-18,0.249
2-Oct-18,0.004
3-Oct-18,0.256
4-Oct-18,0.078
5-Oct-18,0.346
6-Oct-18,0.479
7-Oct-18,0.272
8-Oct-18,0.275
9-Oct-18,0.687
10-Oct-18,0.58
11-Oct-18,0
12-Oct-18,0.144
13-Oct-18,0.32
14-Oct-18,0.424
15-Oct-18,0.246
16-Oct-18,0.51
17-Oct-18,0.445
18-Oct-18,0.344
19-Oct-18,0.455
20-Oct-18,0.448
21-Oct-18,0.31
22-Oct-18,0.402
23-Oct-18,0.204
24-Oct-18,0.187
25-Oct-18,0.323
26-Oct-18,0.397
27-Oct-18,0.105
28-Oct-18,0.023
29-Oct-18,0.108
30-Oct-18,0.209
31-Oct-18,0.161
1-Nov-18,0.077
2-Nov-18,0
3-Nov-18,0.107
4-Nov-18,0.361
5-Nov-18,0.069
6-Nov-18,0.012
7-Nov-18,0.459
8-Nov-18,0.411
9-Nov-18,0.334
10-Nov-18,0.152
11-Nov-18,0.288
12-Nov-18,0.33
13-Nov-18,0.016
14-Nov-18,0.186
15-Nov-18,0.207
16-Nov-18,0.086
17-Nov-18,0.256
18-Nov-18,0.206
19-Nov-18,0.098
20-Nov-18,0.045
21-Nov-18,0.079
22-Nov-18,0.082
23-Nov-18,0.155
24-Nov-18,0.154
25-Nov-18,0.161
26-Nov-18,0.144
27-Nov-18,0.153
28-Nov-18,0.225
29-Nov-18,0.204
30-Nov-18,0.286
1-Dec-18,0.306
2-Dec-18,0.212
3-Dec-18,0.286
4-Dec-18,0.144
5-Dec-18,0.189
6-Dec-18,0.241
7-Dec-18,0.151
8-Dec-18,0.152
9-Dec-18,0.169
10-Dec-18,0.135
11-Dec-18,0.126
12-Dec-18,0.153
13-Dec-18,0.142
14-Dec-18,0.201
15-Dec-18,0.284
16-Dec-18,0.187
17-Dec-18,0.108
18-Dec-18,0.189
19-Dec-18,0.235
20-Dec-18,0.229
21-Dec-18,0.456
22-Dec-18,0.354
23-Dec-18,0.212
24-Dec-18,0.232
25-Dec-18,0.244
26-Dec-18,0.259
27-Dec-18,0.267
28-Dec-18,0.108
29-Dec-18,0.205
30-Dec-18,0.205
1-Jan-19,0
2-Jan-19,0.008
3-Jan-19,0.148
4-Jan-19,0.258
5-Jan-19,0.165
6-Jan-19,0.206
7-Jan-19,0.159
8-Jan-19,0.092
9-Jan-19,0.174
10-Jan-19,0.168
11-Jan-19,0.114
12-Jan-19,0.137
13-Jan-19,0.133
14-Jan-19,0.118
15-Jan-19,0.201
16-Jan-19,0.154
17-Jan-19,0.138
18-Jan-19,0.198
19-Jan-19,0.102
20-Jan-19,0.012
21-Jan-19,0.065
22-Jan-19,0.144
23-Jan-19,0.235
24-Jan-19,0.38
25-Jan-19,0.315
26-Jan-19,0.153
27-Jan-19,0.16
28-Jan-19,0.099
29-Jan-19,0.015
30-Jan-19,0.034
31-Jan-19,0.093
1-Feb-19,0.114
2-Feb-19,0.11
3-Feb-19,0.158
4-Feb-19,0.567
5-Feb-19,0.597
6-Feb-19,0.268
7-Feb-19,0.251
8-Feb-19,0.364
9-Feb-19,0.256
10-Feb-19,0.252
11-Feb-19,0.209
12-Feb-19,0.126
13-Feb-19,0.123
14-Feb-19,0.275
15-Feb-19,0.208
16-Feb-19,0.199
17-Feb-19,0.247
18-Feb-19,0.061
19-Feb-19,0.164
20-Feb-19,0.136
21-Feb-19,0.26
22-Feb-19,0.283
23-Feb-19,0.274
24-Feb-19,0.238
25-Feb-19,0.21
26-Feb-19,0.144
27-Feb-19,0.113
28-Feb-19,0.207
1-Mar-19,0.247
2-Mar-19,0.13
3-Mar-19,0.228
4-Mar-19,0.107
5-Mar-19,0.159
6-Mar-19,0.107
7-Mar-19,0.134
8-Mar-19,0.211
9-Mar-19,0.331
10-Mar-19,0.159
11-Mar-19,0.371
12-Mar-19,0.269
13-Mar-19,0.283
14-Mar-19,0.367
15-Mar-19,0.592
16-Mar-19,0.396
17-Mar-19,0.272
18-Mar-19,0.316
19-Mar-19,0.323
20-Mar-19,0.341
21-Mar-19,0.388
22-Mar-19,0.12
23-Mar-19,0.347
24-Mar-19,0.6
25-Mar-19,0.384
26-Mar-19,0.367
27-Mar-19,0.399
28-Mar-19,0.4
29-Mar-19,0.332
30-Mar-19,0.368
31-Mar-19,0.385
1-Apr-19,0.272
2-Apr-19,0.427
3-Apr-19,0.577
4-Apr-19,0.423
5-Apr-19,0.447
6-Apr-19,0.491
7-Apr-19,0.504
8-Apr-19,0.013
9-Apr-19,0.091
10-Apr-19,0.211
11-Apr-19,0.494
12-Apr-19,0.348
13-Apr-19,0.606
14-Apr-19,0.686
15-Apr-19,0.427
16-Apr-19,0.41
17-Apr-19,0.67
18-Apr-19,0.304
19-Apr-19,0.608
20-Apr-19,0.508
21-Apr-19,0.437
22-Apr-19,0.431
23-Apr-19,0.144
24-Apr-19,0.264
25-Apr-19,0.499
26-Apr-19,0.264
27-Apr-19,0.274
28-Apr-19,0.514
29-Apr-19,0.611
30-Apr-19,0.515
1-May-19,0.631
2-May-19,0.228
3-May-19,0.196
4-May-19,0.451
5-May-19,0.487
6-May-19,0.68
7-May-19,0.443
8-May-19,0.585
9-May-19,0.665
10-May-19,0.227
11-May-19,0.507
12-May-19,0.606
13-May-19,0.429
14-May-19,0.15
15-May-19,0.349
16-May-19,0.547
17-May-19,0.251
18-May-19,0.64
19-May-19,0.603
20-May-19,0.714
21-May-19,0.584
22-May-19,0.846
23-May-19,0.652
24-May-19,0.341
25-May-19,0.935
26-May-19,0.966
27-May-19,0.808
28-May-19,0.317
29-May-19,0.225
30-May-19,0.467
31-May-19,0.681
1-Jun-19,0.475
2-Jun-19,0.24
3-Jun-19,0.687
4-Jun-19,0.818
5-Jun-19,0.508
6-Jun-19,0.662
7-Jun-19,0.967
8-Jun-19,1.094
9-Jun-19,1.142
10-Jun-19,1.245
11-Jun-19,0.498
12-Jun-19,1.05
13-Jun-19,0.252
14-Jun-19,0.573
15-Jun-19,1.044
16-Jun-19,0.456
17-Jun-19,0.976
18-Jun-19,0.591
19-Jun-19,0.599
